index	file	renaming_of_chains
0	M1239v1TS014_1	A=A,B=B,C=C,D=D
1	M1239v1TS014_2	A=A,B=B,C=C,D=D
2	M1239v1TS014_3	A=A,B=B,C=C,D=D
3	M1239v1TS014_4	A=A,B=B,C=C,D=D
4	M1239v1TS014_5	A=A,B=B,C=C,D=D
5	M1239v1TS014_6	A=A,B=B,C=C,D=D
6	M1239v1TS028_1	1=B,2=C,3=D,4=E,5=G,6=H,7=I,8=J,A=A,B=F,C=K,D=L
7	M1239v1TS028_2	1=B,2=C,3=D,4=E,5=G,6=H,7=I,8=J,A=A,B=F,C=K,D=L
8	M1239v1TS028_3	1=B,2=C,3=D,4=E,5=G,6=H,7=I,8=J,A=A,B=F,C=K,D=L
9	M1239v1TS028_4	1=B,2=C,3=D,4=E,5=G,6=H,7=I,8=J,A=A,B=F,C=K,D=L
10	M1239v1TS028_5	1=B,2=C,3=D,4=E,5=G,6=H,7=I,8=J,A=A,B=F,C=K,D=L
11	M1239v1TS033_1	1=B,2=C,3=D,4=E,5=G,6=H,7=I,8=J,A=A,B=F,C=K,D=L
12	M1239v1TS033_2	1=B,2=C,3=D,4=E,5=G,6=H,7=I,8=J,A=A,B=F,C=K,D=L
13	M1239v1TS033_3	1=B,2=C,3=D,4=E,5=G,6=H,7=I,8=J,A=A,B=F,C=K,D=L
14	M1239v1TS033_4	1=B,2=C,3=D,4=E,5=G,6=H,7=I,8=J,A=A,B=F,C=K,D=L
15	M1239v1TS033_5	1=B,2=C,3=D,4=E,5=G,6=H,7=I,8=J,A=A,B=F,C=K,D=L
16	M1239v1TS091_1	1=B,2=C,3=D,4=E,5=G,6=H,7=I,8=J,A=A,B=F,C=K,D=L
17	M1239v1TS091_2	1=B,2=C,3=D,4=E,5=G,6=H,7=I,8=J,A=A,B=F,C=K,D=L
18	M1239v1TS091_3	1=B,2=C,3=D,4=E,5=G,6=H,7=I,8=J,A=A,B=F,C=K,D=L
19	M1239v1TS091_4	1=B,2=C,3=D,4=E,5=G,6=H,7=I,8=J,A=A,B=F,C=K,D=L
20	M1239v1TS091_5	1=B,2=C,3=D,4=E,5=G,6=H,7=I,8=J,A=A,B=F,C=K,D=L
21	M1239v1TS110_1	1=B,2=C,3=D,4=E,5=G,6=H,7=I,8=J,A=A,B=F,C=K,D=L
22	M1239v1TS110_2	1=B,2=C,3=D,4=E,5=G,6=H,7=I,8=J,A=A,B=F,C=K,D=L
23	M1239v1TS110_3	1=B,2=C,3=D,4=E,5=G,6=H,7=I,8=J,A=A,B=F,C=K,D=L
24	M1239v1TS110_4	1=B,2=C,3=D,4=E,5=G,6=H,7=I,8=J,A=A,B=F,C=K,D=L
25	M1239v1TS110_5	1=B,2=C,3=D,4=E,5=G,6=H,7=I,8=J,A=A,B=F,C=K,D=L
26	M1239v1TS159_1	1=B,2=C,3=D,4=E,5=G,6=H,7=I,8=J,A=A,B=F,C=K,D=L
27	M1239v1TS159_2	1=B,2=C,3=D,4=E,5=G,6=H,7=I,8=J,A=A,B=F,C=K,D=L
28	M1239v1TS167_1	1=B,2=C,3=D,4=E,5=G,6=H,7=I,8=J,A=A,B=F,C=K,D=L
29	M1239v1TS167_2	1=B,2=C,3=D,4=E,5=G,6=H,7=I,8=J,A=A,B=F,C=K,D=L
30	M1239v1TS167_3	1=B,2=C,3=D,4=E,5=G,6=H,7=I,8=J,A=A,B=F,C=K,D=L
31	M1239v1TS167_4	1=B,2=C,3=D,4=E,5=G,6=H,7=I,8=J,A=A,B=F,C=K,D=L
32	M1239v1TS167_5	1=B,2=C,3=D,4=E,5=G,6=H,7=I,8=J,A=A,B=F,C=K,D=L
33	M1239v1TS204_1	1=B,2=C,3=D,4=E,5=G,6=H,7=I,8=J,A=A,B=F,C=K,D=L
34	M1239v1TS204_2	1=B,2=C,3=D,4=E,5=G,6=H,7=I,8=J,A=A,B=F,C=K,D=L
35	M1239v1TS204_3	1=B,2=C,3=D,4=E,5=G,6=H,7=I,8=J,A=A,B=F,C=K,D=L
36	M1239v1TS204_4	1=B,2=C,3=D,4=E,5=G,6=H,7=I,8=J,A=A,B=F,C=K,D=L
37	M1239v1TS204_5	1=B,2=C,3=D,4=E,5=G,6=H,7=I,8=J,A=A,B=F,C=K,D=L
38	M1239v1TS208_1	1=B,2=C,3=D,4=E,5=G,6=H,7=I,8=J,A=A,B=F,C=K,D=L
39	M1239v1TS208_2	1=B,2=C,3=D,4=E,5=G,6=H,7=I,8=J,A=A,B=F,C=K,D=L
40	M1239v1TS208_4	1=B,2=C,3=D,4=E,5=G,6=H,7=I,8=J,A=A,B=F,C=K,D=L
41	M1239v1TS231_1	1=B,2=C,3=D,4=E,5=G,6=H,7=I,8=J,A=A,B=F,C=K,D=L
42	M1239v1TS231_2	1=B,2=C,3=D,4=E,5=G,6=H,7=I,8=J,A=A,B=F,C=K,D=L
43	M1239v1TS235_1	1=B,2=C,3=D,4=E,A=A,B=F,C=G,D=H
44	M1239v1TS235_2	1=B,2=C,3=D,4=E,A=A,B=F,C=G,D=H
45	M1239v1TS235_3	1=B,2=C,3=D,4=E,A=A,B=F,C=G,D=H
46	M1239v1TS235_4	1=B,2=C,3=D,4=E,A=A,B=F,C=G,D=H
47	M1239v1TS235_5	1=B,2=C,3=D,4=E,A=A,B=F,C=G,D=H
48	M1239v1TS241_1	1=B,2=C,3=D,4=E,5=G,6=H,7=I,8=J,A=A,B=F
49	M1239v1TS241_2	1=B,2=C,3=D,4=E,5=G,6=H,7=I,8=J,A=A,B=F
50	M1239v1TS241_3	1=B,2=C,3=D,4=E,5=G,6=H,7=I,8=J,A=A,B=F
51	M1239v1TS241_4	1=B,2=C,3=D,4=E,5=G,6=H,7=I,8=J,A=A,B=F
52	M1239v1TS241_5	1=B,2=C,3=D,4=E,5=G,6=H,7=I,8=J,A=A,B=F
53	M1239v1TS262_1	1=B,2=C,3=D,4=E,5=G,6=H,7=I,8=J,A=A,B=F,C=K,D=L
54	M1239v1TS262_2	1=B,2=C,3=D,4=E,5=G,6=H,7=I,8=J,A=A,B=F,C=K,D=L
55	M1239v1TS262_3	1=B,2=C,3=D,4=E,5=G,6=H,7=I,8=J,A=A,B=F,C=K,D=L
56	M1239v1TS262_4	1=B,2=C,3=D,4=E,5=G,6=H,7=I,8=J,A=A,B=F,C=K,D=L
57	M1239v1TS262_5	1=B,2=C,3=D,4=E,5=G,6=H,7=I,8=J,A=A,B=F,C=K,D=L
58	M1239v1TS272_1	1=B,2=C,3=D,4=E,5=G,6=H,7=I,8=J,A=A,B=F,C=K,D=L
59	M1239v1TS272_2	1=B,2=C,3=D,4=E,5=G,6=H,7=I,8=J,A=A,B=F,C=K,D=L
60	M1239v1TS272_3	1=B,2=C,3=D,4=E,5=G,6=H,7=I,8=J,A=A,B=F,C=K,D=L
61	M1239v1TS272_4	1=B,2=C,3=D,4=E,5=G,6=H,7=I,8=J,A=A,B=F,C=K,D=L
62	M1239v1TS272_5	1=B,2=C,3=D,4=E,5=G,6=H,7=I,8=J,A=A,B=F,C=K,D=L
63	M1239v1TS286_1	1=B,2=C,3=D,4=E,5=G,6=H,7=I,8=J,A=A,B=F,C=K,D=L
64	M1239v1TS286_2	1=B,2=C,3=D,4=E,5=G,6=H,7=I,8=J,A=A,B=F,C=K,D=L
65	M1239v1TS286_3	1=B,2=C,3=D,4=E,5=G,6=H,7=I,8=J,A=A,B=F,C=K,D=L
66	M1239v1TS286_4	1=B,2=C,3=D,4=E,5=G,6=H,7=I,8=J,A=A,B=F,C=K,D=L
67	M1239v1TS286_5	1=B,2=C,3=D,4=E,5=G,6=H,7=I,8=J,A=A,B=F,C=K,D=L
68	M1239v1TS294_1	1=B,2=C,3=D,4=E,5=G,6=H,7=I,8=J,A=A,B=F,C=K,D=L
69	M1239v1TS294_2	1=B,2=C,3=D,4=E,5=G,6=H,7=I,8=J,A=A,B=F,C=K,D=L
70	M1239v1TS294_3	1=B,2=C,3=D,4=E,5=G,6=H,7=I,8=J,A=A,B=F,C=K,D=L
71	M1239v1TS294_4	1=B,2=C,3=D,4=E,5=G,6=H,7=I,8=J,A=A,B=F,C=K,D=L
72	M1239v1TS294_5	1=B,2=C,3=D,4=E,5=G,6=H,7=I,8=J,A=A,B=F,C=K,D=L
73	M1239v1TS304_1	1=B,2=C,3=D,4=E,5=G,6=H,7=I,8=J,A=A,B=F
74	M1239v1TS304_2	1=B,2=C,3=D,4=E,5=G,6=H,7=I,8=J,A=A,B=F
75	M1239v1TS304_3	1=B,2=C,3=D,4=E,5=G,6=H,7=I,8=J,A=A,B=F
76	M1239v1TS304_4	1=B,2=C,3=D,4=E,5=G,6=H,7=I,8=J,A=A,B=F
77	M1239v1TS304_5	1=B,2=C,3=D,4=E,5=G,6=H,7=I,8=J,A=A,B=F
78	M1239v1TS325_1	1=B,2=C,3=D,4=E,5=G,6=H,7=I,8=J,A=A,B=F,C=K,D=L
79	M1239v1TS325_2	1=B,2=C,3=D,4=E,5=G,6=H,7=I,8=J,A=A,B=F,C=K,D=L
80	M1239v1TS369_1	1=B,2=C,3=D,4=E,5=G,6=H,7=I,8=J,A=A,B=F,C=K,D=L
81	M1239v1TS369_2	1=B,2=C,3=D,4=E,5=G,6=H,7=I,8=J,A=A,B=F,C=K,D=L
82	M1239v1TS369_3	1=B,2=C,3=D,4=E,5=G,6=H,7=I,8=J,A=A,B=F,C=K,D=L
83	M1239v1TS369_4	1=B,2=C,3=D,4=E,5=G,6=H,7=I,8=J,A=A,B=F,C=K,D=L
84	M1239v1TS369_5	1=B,2=C,3=D,4=E,5=G,6=H,7=I,8=J,A=A,B=F,C=K,D=L
85	M1239v1TS450_1	1=B,2=C,3=D,4=E,5=G,6=H,7=I,8=J,A=A,B=F,C=K,D=L
86	M1239v1TS450_2	1=B,2=C,3=D,4=E,5=G,6=H,7=I,8=J,A=A,B=F,C=K,D=L
87	M1239v1TS450_3	1=B,2=C,3=D,4=E,5=G,6=H,7=I,8=J,A=A,B=F,C=K,D=L
88	M1239v1TS450_4	1=B,2=C,3=D,4=E,5=G,6=H,7=I,8=J,A=A,B=F,C=K,D=L
89	M1239v1TS450_5	1=B,2=C,3=D,4=E,5=G,6=H,7=I,8=J,A=A,B=F,C=K,D=L
90	M1239v1TS462_1	1=B,2=C,3=D,4=E,5=G,6=H,7=I,8=J,A=A,B=F,C=K,D=L
91	M1239v1TS462_2	1=B,2=C,3=D,4=E,5=G,6=H,7=I,8=J,A=A,B=F,C=K,D=L
92	M1239v1TS462_3	1=B,2=C,3=D,4=E,5=G,6=H,7=I,8=J,A=A,B=F,C=K,D=L
93	M1239v1TS462_4	1=B,2=C,3=D,4=E,5=G,6=H,7=I,8=J,A=A,B=F,C=K,D=L
94	M1239v1TS462_5	1=B,2=C,3=D,4=E,5=G,6=H,7=I,8=J,A=A,B=F,C=K,D=L
95	M1239v1TS481_1	1=B,2=C,3=D,4=E,5=G,6=H,7=I,8=J,A=A,B=F,C=K,D=L
96	M1239v1TS481_2	1=B,2=C,3=D,4=E,5=G,6=H,7=I,8=J,A=A,B=F,C=K,D=L
97	M1239v1TS481_3	1=B,2=C,3=D,4=E,5=G,6=H,7=I,8=J,A=A,B=F,C=K,D=L
98	M1239v1TS481_4	1=B,2=C,3=D,4=E,5=G,6=H,7=I,8=J,A=A,B=F,C=K,D=L
99	M1239v1TS481_5	1=B,2=C,3=D,4=E,5=G,6=H,7=I,8=J,A=A,B=F,C=K,D=L
100	M1239v1TS489_1	1=B,2=C,3=D,4=E,5=G,6=H,7=I,8=J,A=A,B=F,C=K,D=L
101	M1239v1TS489_2	1=B,2=C,3=D,4=E,5=G,6=H,7=I,8=J,A=A,B=F,C=K,D=L
102	M1239v1TS489_3	1=B,2=C,3=D,4=E,5=G,6=H,7=I,8=J,A=A,B=F,C=K,D=L
103	M1239v1TS489_4	1=B,2=C,3=D,4=E,5=G,6=H,7=I,8=J,A=A,B=F,C=K,D=L
104	M1239v1TS489_5	1=B,2=C,3=D,4=E,5=G,6=H,7=I,8=J,A=A,B=F,C=K,D=L
105	M1239v2TS014_1	A=A,B=B,C=C,D=D
106	M1239v2TS014_2	A=A,B=B,C=C,D=D
107	M1239v2TS014_3	A=A,B=B,C=C,D=D
108	M1239v2TS014_4	A=A,B=B,C=C,D=D
109	M1239v2TS014_5	A=A,B=B,C=C,D=D
110	M1239v2TS014_6	A=A,B=B,C=C,D=D
111	M1239v2TS028_1	1=B,2=C,3=D,4=E,5=G,6=H,7=I,8=J,A=A,B=F,C=K,D=L
112	M1239v2TS028_2	1=B,2=C,3=D,4=E,5=G,6=H,7=I,8=J,A=A,B=F,C=K,D=L
113	M1239v2TS028_3	1=B,2=C,3=D,4=E,5=G,6=H,7=I,8=J,A=A,B=F,C=K,D=L
114	M1239v2TS028_4	1=B,2=C,3=D,4=E,5=G,6=H,7=I,8=J,A=A,B=F,C=K,D=L
115	M1239v2TS028_5	1=B,2=C,3=D,4=E,5=G,6=H,7=I,8=J,A=A,B=F,C=K,D=L
116	M1239v2TS033_1	1=B,2=C,3=D,4=E,5=G,6=H,7=I,8=J,A=A,B=F,C=K,D=L
117	M1239v2TS033_2	1=B,2=C,3=D,4=E,5=G,6=H,7=I,8=J,A=A,B=F,C=K,D=L
118	M1239v2TS033_3	1=B,2=C,3=D,4=E,5=G,6=H,7=I,8=J,A=A,B=F,C=K,D=L
119	M1239v2TS033_4	1=B,2=C,3=D,4=E,5=G,6=H,7=I,8=J,A=A,B=F,C=K,D=L
120	M1239v2TS033_5	1=B,2=C,3=D,4=E,5=G,6=H,7=I,8=J,A=A,B=F,C=K,D=L
121	M1239v2TS091_1	1=B,2=C,3=D,4=E,5=G,6=H,7=I,8=J,A=A,B=F,C=K,D=L
122	M1239v2TS091_2	1=B,2=C,3=D,4=E,5=G,6=H,7=I,8=J,A=A,B=F,C=K,D=L
123	M1239v2TS091_3	1=B,2=C,3=D,4=E,5=G,6=H,7=I,8=J,A=A,B=F,C=K,D=L
124	M1239v2TS091_4	1=B,2=C,3=D,4=E,5=G,6=H,7=I,8=J,A=A,B=F,C=K,D=L
125	M1239v2TS091_5	1=B,2=C,3=D,4=E,5=G,6=H,7=I,8=J,A=A,B=F,C=K,D=L
126	M1239v2TS110_1	1=B,2=C,3=D,4=E,5=G,6=H,7=I,8=J,A=A,B=F,C=K,D=L
127	M1239v2TS110_2	1=B,2=C,3=D,4=E,5=G,6=H,7=I,8=J,A=A,B=F,C=K,D=L
128	M1239v2TS110_3	1=B,2=C,3=D,4=E,5=G,6=H,7=I,8=J,A=A,B=F,C=K,D=L
129	M1239v2TS110_4	1=B,2=C,3=D,4=E,5=G,6=H,7=I,8=J,A=A,B=F,C=K,D=L
130	M1239v2TS110_5	1=B,2=C,3=D,4=E,5=G,6=H,7=I,8=J,A=A,B=F,C=K,D=L
131	M1239v2TS159_1	1=B,2=C,3=D,4=E,5=G,6=H,7=I,8=J,A=A,B=F,C=K,D=L
132	M1239v2TS159_2	1=B,2=C,3=D,4=E,5=G,6=H,7=I,8=J,A=A,B=F,C=K,D=L
133	M1239v2TS167_1	1=B,2=C,3=D,4=E,5=G,6=H,7=I,8=J,A=A,B=F,C=K,D=L
134	M1239v2TS167_2	1=B,2=C,3=D,4=E,5=G,6=H,7=I,8=J,A=A,B=F,C=K,D=L
135	M1239v2TS167_3	1=B,2=C,3=D,4=E,5=G,6=H,7=I,8=J,A=A,B=F,C=K,D=L
136	M1239v2TS167_4	1=B,2=C,3=D,4=E,5=G,6=H,7=I,8=J,A=A,B=F,C=K,D=L
137	M1239v2TS167_5	1=B,2=C,3=D,4=E,5=G,6=H,7=I,8=J,A=A,B=F,C=K,D=L
138	M1239v2TS204_1	1=B,2=C,3=D,4=E,5=G,6=H,7=I,8=J,A=A,B=F,C=K,D=L
139	M1239v2TS204_2	1=B,2=C,3=D,4=E,5=G,6=H,7=I,8=J,A=A,B=F,C=K,D=L
140	M1239v2TS204_3	1=B,2=C,3=D,4=E,5=G,6=H,7=I,8=J,A=A,B=F,C=K,D=L
141	M1239v2TS204_4	1=B,2=C,3=D,4=E,5=G,6=H,7=I,8=J,A=A,B=F,C=K,D=L
142	M1239v2TS204_5	1=B,2=C,3=D,4=E,5=G,6=H,7=I,8=J,A=A,B=F,C=K,D=L
143	M1239v2TS208_1	1=B,2=C,3=D,4=E,5=G,6=H,7=I,8=J,A=A,B=F,C=K,D=L
144	M1239v2TS208_2	1=B,2=C,3=D,4=E,5=G,6=H,7=I,8=J,A=A,B=F,C=K,D=L
145	M1239v2TS208_3	1=B,2=C,3=D,4=E,5=G,6=H,7=I,8=J,A=A,B=F,C=K,D=L
146	M1239v2TS208_4	1=B,2=C,3=D,4=E,5=G,6=H,7=I,8=J,A=A,B=F,C=K,D=L
147	M1239v2TS208_5	1=B,2=C,3=D,4=E,5=G,6=H,7=I,8=J,A=A,B=F,C=K,D=L
148	M1239v2TS231_1	1=B,2=C,3=D,4=E,5=G,6=H,7=I,8=J,A=A,B=F,C=K,D=L
149	M1239v2TS231_2	1=B,2=C,3=D,4=E,5=G,6=H,7=I,8=J,A=A,B=F,C=K,D=L
150	M1239v2TS231_3	1=B,2=C,3=D,4=E,5=G,6=H,7=I,8=J,A=A,B=F,C=K,D=L
151	M1239v2TS231_4	1=B,2=C,3=D,4=E,5=G,6=H,7=I,8=J,A=A,B=F,C=K,D=L
152	M1239v2TS231_5	1=B,2=C,3=D,4=E,5=G,6=H,7=I,8=J,A=A,B=F,C=K,D=L
153	M1239v2TS235_1	1=B,2=C,3=D,4=E,A=A,B=F,C=G,D=H
154	M1239v2TS235_2	1=B,2=C,3=D,4=E,A=A,B=F,C=G,D=H
155	M1239v2TS235_3	1=B,2=C,3=D,4=E,A=A,B=F,C=G,D=H
156	M1239v2TS235_4	1=B,2=C,3=D,4=E,A=A,B=F,C=G,D=H
157	M1239v2TS235_5	1=B,2=C,3=D,4=E,A=A,B=F,C=G,D=H
158	M1239v2TS241_1	1=B,2=C,3=D,4=E,5=G,6=H,7=I,8=J,A=A,B=F
159	M1239v2TS241_2	1=B,2=C,3=D,4=E,5=G,6=H,7=I,8=J,A=A,B=F
160	M1239v2TS241_3	1=B,2=C,3=D,4=E,5=G,6=H,7=I,8=J,A=A,B=F
161	M1239v2TS241_4	1=B,2=C,3=D,4=E,5=G,6=H,7=I,8=J,A=A,B=F
162	M1239v2TS241_5	1=B,2=C,3=D,4=E,5=G,6=H,7=I,8=J,A=A,B=F
163	M1239v2TS262_1	1=B,2=C,3=D,4=E,5=G,6=H,7=I,8=J,A=A,B=F,C=K,D=L
164	M1239v2TS262_2	1=B,2=C,3=D,4=E,5=G,6=H,7=I,8=J,A=A,B=F,C=K,D=L
165	M1239v2TS262_3	1=B,2=C,3=D,4=E,5=G,6=H,7=I,8=J,A=A,B=F,C=K,D=L
166	M1239v2TS262_4	1=B,2=C,3=D,4=E,5=G,6=H,7=I,8=J,A=A,B=F,C=K,D=L
167	M1239v2TS262_5	1=B,2=C,3=D,4=E,5=G,6=H,7=I,8=J,A=A,B=F,C=K,D=L
168	M1239v2TS272_1	1=B,2=C,3=D,4=E,5=G,6=H,7=I,8=J,A=A,B=F,C=K,D=L
169	M1239v2TS272_2	1=B,2=C,3=D,4=E,5=G,6=H,7=I,8=J,A=A,B=F,C=K,D=L
170	M1239v2TS272_3	1=B,2=C,3=D,4=E,5=G,6=H,7=I,8=J,A=A,B=F,C=K,D=L
171	M1239v2TS272_4	1=B,2=C,3=D,4=E,5=G,6=H,7=I,8=J,A=A,B=F,C=K,D=L
172	M1239v2TS272_5	1=B,2=C,3=D,4=E,5=G,6=H,7=I,8=J,A=A,B=F,C=K,D=L
173	M1239v2TS286_1	1=B,2=C,3=D,4=E,5=G,6=H,7=I,8=J,A=A,B=F,C=K,D=L
174	M1239v2TS286_2	1=B,2=C,3=D,4=E,5=G,6=H,7=I,8=J,A=A,B=F,C=K,D=L
175	M1239v2TS286_3	1=B,2=C,3=D,4=E,5=G,6=H,7=I,8=J,A=A,B=F,C=K,D=L
176	M1239v2TS286_4	1=B,2=C,3=D,4=E,5=G,6=H,7=I,8=J,A=A,B=F,C=K,D=L
177	M1239v2TS286_5	1=B,2=C,3=D,4=E,5=G,6=H,7=I,8=J,A=A,B=F,C=K,D=L
178	M1239v2TS294_1	1=B,2=C,3=D,4=E,5=G,6=H,7=I,8=J,A=A,B=F,C=K,D=L
179	M1239v2TS294_2	1=B,2=C,3=D,4=E,5=G,6=H,7=I,8=J,A=A,B=F,C=K,D=L
180	M1239v2TS294_3	1=B,2=C,3=D,4=E,5=G,6=H,7=I,8=J,A=A,B=F,C=K,D=L
181	M1239v2TS294_4	1=B,2=C,3=D,4=E,5=G,6=H,7=I,8=J,A=A,B=F,C=K,D=L
182	M1239v2TS294_5	1=B,2=C,3=D,4=E,5=G,6=H,7=I,8=J,A=A,B=F,C=K,D=L
183	M1239v2TS304_1	1=B,2=C,3=D,4=E,5=G,6=H,7=I,8=J,A=A,B=F
184	M1239v2TS304_2	1=B,2=C,3=D,4=E,5=G,6=H,7=I,8=J,A=A,B=F
185	M1239v2TS304_3	1=B,2=C,3=D,4=E,5=G,6=H,7=I,8=J,A=A,B=F
186	M1239v2TS304_4	1=B,2=C,3=D,4=E,5=G,6=H,7=I,8=J,A=A,B=F
187	M1239v2TS304_5	1=B,2=C,3=D,4=E,5=G,6=H,7=I,8=J,A=A,B=F
188	M1239v2TS325_2	1=B,2=C,3=D,4=E,5=G,6=H,7=I,8=J,A=A,B=F,C=K,D=L
189	M1239v2TS369_1	1=B,2=C,3=D,4=E,5=G,6=H,7=I,8=J,A=A,B=F,C=K,D=L
190	M1239v2TS369_2	1=B,2=C,3=D,4=E,5=G,6=H,7=I,8=J,A=A,B=F,C=K,D=L
191	M1239v2TS369_3	1=B,2=C,3=D,4=E,5=G,6=H,7=I,8=J,A=A,B=F,C=K,D=L
192	M1239v2TS369_4	1=B,2=C,3=D,4=E,5=G,6=H,7=I,8=J,A=A,B=F,C=K,D=L
193	M1239v2TS369_5	1=B,2=C,3=D,4=E,5=G,6=H,7=I,8=J,A=A,B=F,C=K,D=L
194	M1239v2TS450_1	1=B,2=C,3=D,4=E,5=G,6=H,7=I,8=J,A=A,B=F,C=K,D=L
195	M1239v2TS450_2	1=B,2=C,3=D,4=E,5=G,6=H,7=I,8=J,A=A,B=F,C=K,D=L
196	M1239v2TS450_3	1=B,2=C,3=D,4=E,5=G,6=H,7=I,8=J,A=A,B=F,C=K,D=L
197	M1239v2TS450_4	1=B,2=C,3=D,4=E,5=G,6=H,7=I,8=J,A=A,B=F,C=K,D=L
198	M1239v2TS450_5	1=B,2=C,3=D,4=E,5=G,6=H,7=I,8=J,A=A,B=F,C=K,D=L
199	M1239v2TS462_1	1=B,2=C,3=D,4=E,5=G,6=H,7=I,8=J,A=A,B=F,C=K,D=L
200	M1239v2TS462_2	1=B,2=C,3=D,4=E,5=G,6=H,7=I,8=J,A=A,B=F,C=K,D=L
201	M1239v2TS462_3	1=B,2=C,3=D,4=E,5=G,6=H,7=I,8=J,A=A,B=F,C=K,D=L
202	M1239v2TS462_4	1=B,2=C,3=D,4=E,5=G,6=H,7=I,8=J,A=A,B=F,C=K,D=L
203	M1239v2TS462_5	1=B,2=C,3=D,4=E,5=G,6=H,7=I,8=J,A=A,B=F,C=K,D=L
204	M1239v2TS481_1	1=B,2=C,3=D,4=E,5=G,6=H,7=I,8=J,A=A,B=F,C=K,D=L
205	M1239v2TS481_2	1=B,2=C,3=D,4=E,5=G,6=H,7=I,8=J,A=A,B=F,C=K,D=L
206	M1239v2TS481_3	1=B,2=C,3=D,4=E,5=G,6=H,7=I,8=J,A=A,B=F,C=K,D=L
207	M1239v2TS481_4	1=B,2=C,3=D,4=E,5=G,6=H,7=I,8=J,A=A,B=F,C=K,D=L
208	M1239v2TS481_5	1=B,2=C,3=D,4=E,5=G,6=H,7=I,8=J,A=A,B=F,C=K,D=L
209	M1239v2TS489_1	1=B,2=C,3=D,4=E,5=G,6=H,7=I,8=J,A=A,B=F,C=K,D=L
210	M1239v2TS489_2	1=B,2=C,3=D,4=E,5=G,6=H,7=I,8=J,A=A,B=F,C=K,D=L
211	M1239v2TS489_3	1=B,2=C,3=D,4=E,5=G,6=H,7=I,8=J,A=A,B=F,C=K,D=L
212	M1239v2TS489_4	1=B,2=C,3=D,4=E,5=G,6=H,7=I,8=J,A=A,B=F,C=K,D=L
213	M1239v2TS489_5	1=B,2=C,3=D,4=E,5=G,6=H,7=I,8=J,A=A,B=F,C=K,D=L
214	9DXD-assembly1.cif	A=A,C=F,E=E,F=D,G=B,H=C,I=K,K=L,M=J,N=I,O=G,P=H
215	9DXF-assembly1.cif	A=A,C=F,E=E,F=D,G=B,H=C,I=K,K=L,M=J,N=I,O=G,P=H
