target	model	t_id	m_id	residue_residue_cadscore	residue_residue_F1_of_areas	residue_residue_target_area	residue_residue_model_area	residue_residue_TP_area	residue_residue_FP_area	residue_residue_FN_area	chain_chain_cadscore	chain_chain_F1_of_areas	chain_chain_target_area	chain_chain_model_area	chain_chain_TP_area	chain_chain_FP_area	chain_chain_FN_area	renaming_of_model_chains	identity_of_residues	identity_of_atoms	identity_of_chains
9DXD-assembly1.cif	M1239v2TS489_1	214	209	0.480248	0.502409	5054.332747	3723.063009	2905.282441	3605.801974	2149.050306	0.707545	0.872191	5054.332747	6511.084415	5043.625108	1467.459307	10.707639	.	100	100	100
9DXD-assembly1.cif	M1239v2TS489_2	214	210	0.470418	0.5036	5054.332747	3606.123117	2812.382771	3302.393743	2241.949976	0.790191	0.905056	5054.332747	6114.776513	5054.332747	1060.443766	0	.	100	100	100
9DXD-assembly1.cif	M1239v2TS489_3	214	211	0.39699	0.435729	5054.332747	3002.273035	2372.333618	3462.373952	2681.999129	0.837573	0.924607	5054.332747	5834.707571	5034.039189	800.668382	20.293559	.	100	100	100
9DXD-assembly1.cif	M1239v2TS294_2	214	179	0.38629	0.452607	5054.332747	2825.574386	2275.211097	2724.254076	2779.12165	0.632006	0.814999	5054.332747	4999.465173	4096.917906	902.547268	957.414842	.	100	100	100
9DXD-assembly1.cif	M1239v2TS294_5	214	182	0.3849	0.454147	5054.332747	2869.914355	2301.323464	2779.043303	2753.009283	0.565665	0.78339	5054.332747	5080.366767	3969.712448	1110.654319	1084.620299	.	100	100	100
9DXD-assembly1.cif	M1239v1TS462_3	214	92	0.383468	0.419599	5054.332747	2886.843579	2307.645122	3637.317045	2746.687625	0.498735	0.706981	5054.332747	5944.962167	3888.144531	2056.817636	1166.188216	.	100	100	100
9DXD-assembly1.cif	M1239v1TS462_4	214	93	0.380712	0.449748	5054.332747	2918.153978	2304.795479	2890.156451	2749.537268	0.607165	0.805852	5054.332747	5194.951929	4129.701267	1065.250662	924.63148	.	100	100	100
9DXD-assembly1.cif	M1239v2TS110_4	214	129	0.379693	0.410273	5054.332747	2851.99849	2273.66024	3755.657437	2780.672507	0.513245	0.710627	5054.332747	6029.317676	3938.168237	2091.149439	1116.16451	.	100	100	100
9DXD-assembly1.cif	M1239v1TS462_2	214	91	0.379189	0.3992	5054.332747	2832.315885	2268.727709	4043.323017	2785.605038	0.709106	0.870647	5054.332747	6312.050726	4948.054949	1363.995777	106.277798	.	100	100	100
9DXD-assembly1.cif	M1239v2TS294_4	214	181	0.376918	0.439022	5054.332747	2922.599963	2288.630378	3083.081571	2765.702369	0.570766	0.791916	5054.332747	5371.711949	4128.275802	1243.436148	926.056946	.	100	100	100
9DXD-assembly1.cif	M1239v1TS462_1	214	90	0.373749	0.408668	5054.332747	2866.990487	2244.998213	3687.583883	2809.334534	0.601745	0.771495	5054.332747	5932.582096	4238.173246	1694.40885	816.159501	.	100	100	100
9DXD-assembly1.cif	M1239v2TS294_3	214	180	0.371106	0.446914	5054.332747	2910.352539	2262.611636	2808.53965	2791.721111	0.693495	0.847002	5054.332747	5071.151287	4288.154105	782.997181	766.178642	.	100	100	100
9DXD-assembly1.cif	M1239v1TS110_3	214	23	0.368818	0.450902	5054.332747	2956.189188	2273.181827	2755.310026	2781.15092	0.685242	0.842218	5054.332747	5028.491853	4245.966864	782.52499	808.365884	.	100	100	100
9DXD-assembly1.cif	M1239v1TS462_5	214	94	0.364423	0.428072	5054.332747	2785.615717	2175.325391	2933.704288	2879.007356	0.646028	0.823967	5054.332747	5109.029679	4187.135617	921.894063	867.197131	.	100	100	100
9DXD-assembly1.cif	M1239v2TS294_1	214	178	0.360017	0.443545	5054.332747	2820.013063	2186.36217	2617.892177	2867.970577	0.697929	0.845133	5054.332747	4804.254347	4165.910984	638.343363	888.421763	.	100	100	100
9DXF-assembly1.cif	M1239v2TS489_1	215	209	0.330708	0.343979	5089.68122	2486.205984	1995.210297	4515.874119	3094.470923	0.720728	0.877473	5089.68122	6511.084415	5089.68122	1421.403195	0	.	100	100	100
9DXF-assembly1.cif	M1239v2TS489_2	215	210	0.317085	0.336799	5089.68122	2360.415104	1886.827121	4227.949393	3202.854099	0.798593	0.90851	5089.68122	6114.776513	5089.68122	1025.095294	0	.	100	100	100
9DXF-assembly1.cif	M1239v2TS294_2	215	179	0.252677	0.281849	5089.68122	1614.028431	1421.806285	3577.658888	3667.874934	0.590088	0.793211	5089.68122	4999.465173	4001.413323	998.051851	1088.267897	.	100	100	100
9DXF-assembly1.cif	M1239v2TS294_5	215	182	0.249653	0.281319	5089.68122	1652.207308	1430.512811	3649.853956	3659.168408	0.549511	0.774549	5089.68122	5080.366767	3938.601266	1141.765502	1151.079954	.	100	100	100
9DXF-assembly1.cif	M1239v2TS110_4	215	129	0.247215	0.253846	5089.68122	1618.037254	1411.25548	4618.062196	3678.425739	0.501418	0.707342	5089.68122	6029.317676	3932.468101	2096.849575	1157.213119	.	100	100	100
9DXF-assembly1.cif	M1239v1TS462_4	215	93	0.24535	0.277703	5089.68122	1667.84369	1428.039245	3766.912684	3661.641974	0.564562	0.78451	5089.68122	5194.951929	4034.196684	1160.755245	1055.484536	.	100	100	100
9DXF-assembly1.cif	M1239v2TS294_4	215	181	0.2448	0.271756	5089.68122	1650.392423	1421.4747	3950.237249	3668.206519	0.529273	0.770982	5089.68122	5371.711949	4032.771219	1338.940731	1056.910001	.	100	100	100
9DXF-assembly1.cif	M1239v2TS294_3	215	180	0.244757	0.290064	5089.68122	1813.218628	1473.647443	3597.503844	3616.033777	0.673616	0.836511	5089.68122	5071.151287	4249.822064	821.329223	839.859156	.	100	100	100
9DXF-assembly1.cif	M1239v2TS489_3	215	211	0.244581	0.26502	5089.68122	1745.886752	1447.590421	4387.11715	3642.090799	0.843952	0.927297	5089.68122	5834.707571	5065.077164	769.630407	24.604055	.	100	100	100
9DXF-assembly1.cif	M1239v1TS462_1	215	90	0.244454	0.259488	5089.68122	1671.579842	1430.074436	4502.50766	3659.606784	0.559121	0.758247	5089.68122	5932.582096	4178.798156	1753.783939	910.883063	.	100	100	100
9DXF-assembly1.cif	M1239v1TS110_3	215	23	0.243058	0.290176	5089.68122	1811.318635	1468.026377	3560.465476	3621.654843	0.661418	0.829685	5089.68122	5028.491853	4197.449028	831.042825	892.232191	.	100	100	100
9DXF-assembly1.cif	M1239v1TS462_3	215	92	0.242501	0.247017	5089.68122	1575.157659	1362.874822	4582.087345	3726.806398	0.478534	0.699774	5089.68122	5944.962167	3860.878259	2084.083908	1228.802961	.	100	100	100
9DXF-assembly1.cif	M1239v1TS462_2	215	91	0.236581	0.234527	5089.68122	1547.276394	1337.008751	4975.041975	3752.672469	0.747867	0.887449	5089.68122	6312.050726	5059.227674	1252.823052	30.453546	.	100	100	100
9DXF-assembly1.cif	M1239v2TS294_1	215	178	0.23054	0.281899	5089.68122	1689.4209	1394.543	3409.711347	3695.13822	0.675686	0.833165	5089.68122	4804.254347	4121.639567	682.61478	968.041652	.	100	100	100
9DXF-assembly1.cif	M1239v1TS462_5	215	94	0.226773	0.267107	5089.68122	1642.011105	1362.075053	3746.954626	3727.606167	0.610373	0.805556	5089.68122	5109.029679	4107.815815	1001.213864	981.865405	.	100	100	100
9DXD-assembly1.cif	M1239v1TS033_5	214	15	0.221375	0.23105	5054.332747	1715.615919	1327.998943	5113.006234	3726.333804	0.699721	0.864944	5054.332747	6441.005177	4971.413676	1469.5915	82.919071	.	100	100	100
9DXD-assembly1.cif	M1239v1TS110_4	214	24	0.212514	0.246694	5054.332747	1713.37231	1299.14425	4178.957366	3755.188497	0.531166	0.771308	5054.332747	5478.101616	4061.876144	1416.225472	992.456603	.	100	100	100
9DXD-assembly1.cif	M1239v2TS110_1	214	126	0.212514	0.246694	5054.332747	1713.37231	1299.14425	4178.957366	3755.188497	0.531166	0.771308	5054.332747	5478.101616	4061.876144	1416.225472	992.456603	.	100	100	100
9DXD-assembly1.cif	M1239v1TS091_2	214	17	0.202906	0.220785	5054.332747	1711.886169	1256.034859	5067.526764	3798.297888	0.72745	0.878927	5054.332747	6323.561623	5000.169114	1323.392509	54.163633	.	100	100	100
9DXD-assembly1.cif	M1239v2TS091_2	214	122	0.202906	0.220785	5054.332747	1711.886169	1256.034859	5067.526764	3798.297888	0.72745	0.878927	5054.332747	6323.561623	5000.169114	1323.392509	54.163633	.	100	100	100
9DXD-assembly1.cif	M1239v2TS462_1	214	199	0.197002	0.233723	5054.332747	1654.836978	1226.953243	4217.900484	3827.379504	0.540028	0.778014	5054.332747	5444.853727	4084.258251	1360.595476	970.074496	.	100	100	100
9DXD-assembly1.cif	M1239v1TS286_2	214	64	0.194362	0.22939	5054.332747	1615.23329	1202.011727	4223.739446	3852.32102	0.511587	0.758587	5054.332747	5425.751173	3975.028243	1450.722929	1079.304504	.	100	100	100
9DXD-assembly1.cif	M1239v2TS033_4	214	119	0.193732	0.208117	5054.332747	1731.305382	1241.397898	5634.101958	3812.93485	0.681166	0.830597	5054.332747	6875.499856	4954.443637	1921.056219	99.88911	.	100	100	100
9DXD-assembly1.cif	M1239v1TS033_1	214	11	0.166317	0.174405	5054.332747	1285.685498	983.612459	5241.686457	4070.720288	0.734815	0.881172	5054.332747	6225.298917	4969.648523	1255.650394	84.684224	.	100	100	100
9DXD-assembly1.cif	M1239v2TS167_1	214	133	0.166317	0.174405	5054.332747	1285.685498	983.612459	5241.686457	4070.720288	0.734815	0.881172	5054.332747	6225.298917	4969.648523	1255.650394	84.684224	.	100	100	100
9DXD-assembly1.cif	M1239v2TS450_1	214	194	0.166317	0.174405	5054.332747	1285.685498	983.612459	5241.686457	4070.720288	0.734815	0.881172	5054.332747	6225.298917	4969.648523	1255.650394	84.684224	.	100	100	100
9DXD-assembly1.cif	M1239v2TS167_3	214	135	0.15091	0.160661	5054.332747	1134.425377	881.499003	5037.598708	4172.833744	0.751752	0.885658	5054.332747	5919.097711	4859.350572	1059.747139	194.982175	.	100	100	100
9DXD-assembly1.cif	M1239v2TS450_3	214	196	0.15091	0.160661	5054.332747	1134.425377	881.499003	5037.598708	4172.833744	0.751752	0.885658	5054.332747	5919.097711	4859.350572	1059.747139	194.982175	.	100	100	100
9DXD-assembly1.cif	M1239v1TS091_1	214	16	0.150362	0.163558	5054.332747	1293.746936	924.239882	5323.128944	4130.092865	0.702872	0.865888	5054.332747	6247.368826	4893.001168	1354.367658	161.331579	.	100	100	100
9DXD-assembly1.cif	M1239v2TS091_3	214	123	0.150362	0.163558	5054.332747	1293.746936	924.239882	5323.128944	4130.092865	0.702872	0.865888	5054.332747	6247.368826	4893.001168	1354.367658	161.331579	.	100	100	100
9DXD-assembly1.cif	M1239v2TS167_2	214	134	0.145966	0.158273	5054.332747	1197.910626	885.284019	5247.192182	4169.048728	0.732758	0.879257	5054.332747	6132.476201	4918.038313	1214.437887	136.294434	.	100	100	100
9DXD-assembly1.cif	M1239v2TS450_2	214	195	0.145966	0.158273	5054.332747	1197.910626	885.284019	5247.192182	4169.048728	0.732758	0.879257	5054.332747	6132.476201	4918.038313	1214.437887	136.294434	.	100	100	100
9DXF-assembly1.cif	M1239v1TS110_4	215	24	0.136995	0.161539	5089.68122	1070.547783	853.555946	4624.54567	4236.125273	0.501496	0.759909	5089.68122	5478.101616	4015.277725	1462.823891	1074.403495	.	100	100	100
9DXF-assembly1.cif	M1239v2TS110_1	215	126	0.136995	0.161539	5089.68122	1070.547783	853.555946	4624.54567	4236.125273	0.501496	0.759909	5089.68122	5478.101616	4015.277725	1462.823891	1074.403495	.	100	100	100
9DXF-assembly1.cif	M1239v1TS033_5	215	15	0.134655	0.14267	5089.68122	1034.360196	822.54143	5618.463746	4267.139789	0.734497	0.882806	5089.68122	6441.005177	5089.68122	1351.323957	0	.	100	100	100
9DXF-assembly1.cif	M1239v1TS286_2	215	64	0.12527	0.146512	5089.68122	957.422936	770.318125	4655.433048	4319.363095	0.481547	0.743126	5089.68122	5425.751173	3907.143036	1518.608137	1182.538184	.	100	100	100
9DXF-assembly1.cif	M1239v1TS091_2	215	17	0.125079	0.136403	5089.68122	1006.037074	778.399292	5545.162331	4311.281928	0.68487	0.859469	5089.68122	6323.561623	4904.664531	1418.897092	185.016689	.	100	100	100
9DXF-assembly1.cif	M1239v2TS091_2	215	122	0.125079	0.136403	5089.68122	1006.037074	778.399292	5545.162331	4311.281928	0.68487	0.859469	5089.68122	6323.561623	4904.664531	1418.897092	185.016689	.	100	100	100
9DXF-assembly1.cif	M1239v2TS304_3	215	185	0.120964	0.210868	5089.68122	845.499685	722.399697	1039.601146	4367.281523	0.253737	0.445649	5089.68122	1762.000843	1526.721238	235.279605	3562.959982	.	54.894515	60.729439	83.333333
9DXF-assembly1.cif	M1239v1TS241_1	215	48	0.119431	0.21332	5089.68122	858.519091	723.876036	973.191381	4365.805184	0.266495	0.449912	5089.68122	1697.067417	1526.721238	170.346179	3562.959982	.	54.894515	60.729439	83.333333
9DXF-assembly1.cif	M1239v1TS304_3	215	75	0.11851	0.228019	5089.68122	854.866536	708.731799	418.007668	4380.949421	0.221377	0.362504	5089.68122	1126.739466	1126.739466	0	3962.941753	.	54.894515	60.729439	83.333333
9DXD-assembly1.cif	M1239v1TS304_3	214	75	0.118499	0.222075	5054.332747	839.603474	686.331674	440.407793	4368.001074	0.222925	0.364577	5054.332747	1126.739466	1126.739466	0	3927.593281	.	54.890388	60.721696	83.333333
9DXD-assembly1.cif	M1239v1TS235_1	214	43	0.118361	0.13852	5054.332747	827.264095	689.326757	4209.052651	4365.00599	0.206695	0.209934	5054.332747	1044.707649	1044.707649	3853.671759	4009.625098	.	50	50	66.666667
9DXF-assembly1.cif	M1239v2TS241_5	215	162	0.118269	0.223107	5089.68122	849.070635	709.420331	560.358231	4380.260888	0.249481	0.399335	5089.68122	1269.778563	1269.778563	0	3819.902657	.	54.894515	60.729439	83.333333
9DXF-assembly1.cif	M1239v1TS241_4	215	51	0.118018	0.226676	5089.68122	819.134121	696.296253	357.549367	4393.384966	0.207055	0.343075	5089.68122	1053.84562	1053.84562	0	4035.8356	.	54.894515	60.729439	83.333333
9DXF-assembly1.cif	M1239v2TS304_5	215	187	0.117481	0.201731	5089.68122	827.566671	700.242291	1152.413761	4389.438928	0.235926	0.439829	5089.68122	1852.656052	1526.721238	325.934814	3562.959982	.	54.894515	60.729439	83.333333
9DXF-assembly1.cif	M1239v1TS241_3	215	50	0.117189	0.208511	5089.68122	846.14362	711.260265	1021.35253	4378.420955	0.259511	0.447568	5089.68122	1732.612795	1526.721238	205.891557	3562.959982	.	54.894515	60.729439	83.333333
9DXD-assembly1.cif	M1239v2TS235_1	214	153	0.116967	0.142773	5054.332747	836.894239	686.022255	3869.613523	4368.310492	0.206857	0.217592	5054.332747	1045.52516	1045.52516	3510.110619	4008.807587	.	50	50	66.666667
9DXF-assembly1.cif	M1239v1TS235_1	215	43	0.116654	0.139296	5089.68122	841.663359	695.648654	4202.730754	4394.032566	0.20526	0.209191	5089.68122	1044.707649	1044.707649	3853.671759	4044.973571	.	50	50	66.666667
9DXF-assembly1.cif	M1239v1TS304_2	215	74	0.116563	0.210681	5089.68122	829.005599	695.88882	820.523204	4393.792399	0.297939	0.459095	5089.68122	1516.412024	1516.412024	0	3573.269195	.	54.894515	60.729439	83.333333
9DXD-assembly1.cif	M1239v1TS241_1	214	48	0.116312	0.205909	5054.332747	853.233094	695.085685	1001.981732	4359.247062	0.252226	0.440191	5054.332747	1697.067417	1485.951226	211.116191	3568.381521	.	54.890388	60.721696	83.333333
9DXD-assembly1.cif	M1239v2TS241_5	214	162	0.116308	0.216653	5054.332747	833.545832	685.068075	584.710488	4369.264673	0.251226	0.401567	5054.332747	1269.778563	1269.778563	0	3784.554184	.	54.890388	60.721696	83.333333
9DXF-assembly1.cif	M1239v2TS241_2	215	159	0.116308	0.203222	5089.68122	836.630926	698.752992	1088.326055	4390.928227	0.24881	0.444023	5089.68122	1787.079047	1526.721238	260.357809	3562.959982	.	54.894515	60.729439	83.333333
9DXF-assembly1.cif	M1239v2TS304_2	215	184	0.116057	0.204006	5089.68122	835.029036	697.00438	1046.505896	4392.67684	0.25737	0.446855	5089.68122	1743.510276	1526.721238	216.789038	3562.959982	.	54.894515	60.729439	83.333333
9DXF-assembly1.cif	M1239v2TS304_1	215	183	0.115586	0.204404	5089.68122	857.840238	710.656612	1153.127777	4379.024608	0.233739	0.439125	5089.68122	1863.784388	1526.721238	337.06315	3562.959982	.	54.894515	60.729439	83.333333
9DXF-assembly1.cif	M1239v2TS462_1	215	199	0.115406	0.138533	5089.68122	954.575839	729.688858	4715.164869	4359.992362	0.521307	0.767552	5089.68122	5444.853727	4042.899093	1401.954634	1046.782127	.	100	100	100
9DXD-assembly1.cif	M1239v1TS241_4	214	51	0.1154	0.219816	5054.332747	814.747404	671.3372	382.50842	4382.995548	0.208503	0.345061	5054.332747	1053.84562	1053.84562	0	4000.487127	.	54.890388	60.721696	83.333333
9DXD-assembly1.cif	M1239v2TS241_2	214	159	0.115363	0.195973	5054.332747	808.243922	670.36671	1116.712336	4383.966037	0.234417	0.434399	5054.332747	1787.079047	1485.951226	301.127821	3568.381521	.	54.890388	60.721696	83.333333
9DXF-assembly1.cif	M1239v2TS241_4	215	161	0.115006	0.201085	5089.68122	806.940534	686.371412	1050.620272	4403.309808	0.258651	0.447281	5089.68122	1736.991684	1526.721238	210.270446	3562.959982	.	54.894515	60.729439	83.333333
9DXD-assembly1.cif	M1239v2TS304_5	214	187	0.114865	0.195375	5054.332747	813.291944	674.726605	1177.929447	4379.606142	0.221443	0.430275	5054.332747	1852.656052	1485.951226	366.704826	3568.381521	.	54.890388	60.721696	83.333333
9DXF-assembly1.cif	M1239v2TS241_1	215	158	0.11483	0.200383	5089.68122	821.760292	689.253396	1100.438886	4400.427824	0.248297	0.443855	5089.68122	1789.692282	1526.721238	262.971044	3562.959982	.	54.894515	60.729439	83.333333
9DXD-assembly1.cif	M1239v1TS235_2	214	44	0.114621	0.141979	5054.332747	809.864947	667.707752	3683.702603	4386.624995	0.198142	0.21295	5054.332747	1001.476237	1001.476237	3349.934119	4052.85651	.	50	50	66.666667
9DXD-assembly1.cif	M1239v1TS241_3	214	50	0.11454	0.203544	5054.332747	853.646373	690.721263	1041.891532	4363.611484	0.245194	0.437885	5054.332747	1732.612795	1485.951226	246.661569	3568.381521	.	54.890388	60.721696	83.333333
9DXF-assembly1.cif	M1239v1TS241_5	215	52	0.114527	0.227772	5089.68122	835.827288	696.576403	330.167328	4393.104816	0.20173	0.335733	5089.68122	1026.743731	1026.743731	0	4062.937488	.	54.894515	60.729439	83.333333
9DXF-assembly1.cif	M1239v1TS304_1	215	73	0.114527	0.227772	5089.68122	835.827288	696.576403	330.167328	4393.104816	0.20173	0.335733	5089.68122	1026.743731	1026.743731	0	4062.937488	.	54.894515	60.729439	83.333333
9DXD-assembly1.cif	M1239v2TS304_1	214	183	0.114293	0.200064	5054.332747	855.614807	692.032716	1171.751672	4362.300031	0.219241	0.429583	5054.332747	1863.784388	1485.951226	377.833162	3568.381521	.	54.890388	60.721696	83.333333
9DXF-assembly1.cif	M1239v1TS304_4	215	76	0.113962	0.201424	5089.68122	802.252476	680.858673	989.922778	4408.822547	0.27166	0.451662	5089.68122	1670.781451	1526.721238	144.060213	3562.959982	.	54.894515	60.729439	83.333333
9DXD-assembly1.cif	M1239v2TS304_2	214	184	0.113879	0.199163	5054.332747	838.019937	676.938357	1066.571918	4377.39439	0.243037	0.437183	5054.332747	1743.510276	1485.951226	257.559049	3568.381521	.	54.890388	60.721696	83.333333
9DXD-assembly1.cif	M1239v1TS241_2	214	49	0.113649	0.218948	5054.332747	825.610771	675.069067	437.066509	4379.26368	0.220036	0.360704	5054.332747	1112.135577	1112.135577	0	3942.197171	.	54.890388	60.721696	83.333333
9DXD-assembly1.cif	M1239v1TS304_2	214	74	0.113579	0.204366	5054.332747	816.371897	671.418635	844.993389	4382.914112	0.287969	0.452293	5054.332747	1516.412024	1485.951226	30.460798	3568.381521	.	54.890388	60.721696	83.333333
9DXD-assembly1.cif	M1239v1TS241_5	214	52	0.113552	0.221927	5054.332747	821.161679	674.778797	351.964934	4379.55395	0.203141	0.337685	5054.332747	1026.743731	1026.743731	0	4027.589016	.	54.890388	60.721696	83.333333
9DXD-assembly1.cif	M1239v1TS304_1	214	73	0.113552	0.221927	5054.332747	821.161679	674.778797	351.964934	4379.55395	0.203141	0.337685	5054.332747	1026.743731	1026.743731	0	4027.589016	.	54.890388	60.721696	83.333333
9DXD-assembly1.cif	M1239v2TS241_1	214	158	0.113536	0.194735	5054.332747	817.150582	666.38451	1123.307772	4387.948237	0.2339	0.434233	5054.332747	1789.692282	1485.951226	303.741056	3568.381521	.	54.890388	60.721696	83.333333
9DXD-assembly1.cif	M1239v2TS241_4	214	161	0.113352	0.19592	5054.332747	804.615745	665.27757	1071.714114	4389.055177	0.244327	0.437603	5054.332747	1736.991684	1485.951226	251.040458	3568.381521	.	54.890388	60.721696	83.333333
9DXD-assembly1.cif	M1239v2TS304_3	214	185	0.113056	0.201733	5054.332747	850.287113	687.541039	1074.459804	4366.791708	0.239379	0.435997	5054.332747	1762.000843	1485.951226	276.049616	3568.381521	.	54.890388	60.721696	83.333333
9DXF-assembly1.cif	M1239v2TS235_1	215	153	0.112391	0.142503	5089.68122	836.247576	687.242875	3868.392903	4402.438344	0.205421	0.216794	5089.68122	1045.52516	1045.52516	3510.110619	4044.15606	.	50	50	66.666667
9DXF-assembly1.cif	M1239v1TS241_2	215	49	0.112197	0.222551	5089.68122	839.018052	690.110097	422.02548	4399.571123	0.218508	0.358648	5089.68122	1112.135577	1112.135577	0	3977.545643	.	54.894515	60.729439	83.333333
9DXD-assembly1.cif	M1239v1TS304_4	214	76	0.111701	0.194796	5054.332747	792.433693	655.013584	1015.767867	4399.319163	0.257427	0.441911	5054.332747	1670.781451	1485.951226	184.830225	3568.381521	.	54.890388	60.721696	83.333333
9DXF-assembly1.cif	M1239v2TS033_4	215	119	0.111629	0.126927	5089.68122	1042.880711	759.353693	6116.146163	4330.327527	0.648911	0.822144	5089.68122	6875.499856	4918.549588	1956.950269	171.131632	.	100	100	100
9DXF-assembly1.cif	M1239v2TS304_4	215	186	0.110872	0.219703	5089.68122	801.638828	672.973572	363.557513	4416.707648	0.203653	0.338392	5089.68122	1036.531085	1036.531085	0	4053.150134	.	54.894515	60.729439	83.333333
9DXF-assembly1.cif	M1239v1TS235_2	215	44	0.110677	0.142052	5089.68122	817.048647	670.565103	3680.845253	4419.116117	0.196766	0.212153	5089.68122	1001.476237	1001.476237	3349.934119	4088.204983	.	50	50	66.666667
9DXD-assembly1.cif	M1239v2TS304_4	214	186	0.110123	0.215585	5054.332747	798.339895	656.54836	379.982725	4397.784387	0.205078	0.340356	5054.332747	1036.531085	1036.531085	0	4017.801662	.	54.890388	60.721696	83.333333
9DXF-assembly1.cif	M1239v2TS241_3	215	160	0.109919	0.198462	5089.68122	832.671329	682.740356	1107.906498	4406.940863	0.248109	0.443793	5089.68122	1790.646854	1526.721238	263.925616	3562.959982	.	54.894515	60.729439	83.333333
9DXD-assembly1.cif	M1239v2TS241_3	214	160	0.109396	0.19502	5054.332747	838.82237	667.452709	1123.194145	4386.880038	0.233711	0.434173	5054.332747	1790.646854	1485.951226	304.695628	3568.381521	.	54.890388	60.721696	83.333333
9DXD-assembly1.cif	M1239v1TS204_1	214	33	0.109131	0.111154	5054.332747	883.449715	649.443008	5981.692196	4404.889739	0.392869	0.613129	5054.332747	6631.135204	3582.352498	3048.782706	1471.980249	.	100	100	100
9DXD-assembly1.cif	M1239v2TS204_2	214	139	0.10913	0.111206	5054.332747	883.458448	649.442655	5976.174834	4404.890092	0.3928	0.613343	5054.332747	6625.617488	3581.907795	3043.709693	1472.424952	.	100	100	100
9DXD-assembly1.cif	M1239v1TS208_1	214	38	0.107755	0.122452	5054.332747	864.028717	631.216251	4624.027359	4423.116496	0.554818	0.781747	5054.332747	5255.24361	4029.738204	1225.505406	1024.594544	.	100	100	100
9DXD-assembly1.cif	M1239v2TS167_4	214	136	0.107551	0.104347	5054.332747	847.816267	631.753856	6422.600201	4422.578891	0.574193	0.822262	5054.332747	7054.354057	4978.259428	2076.094629	76.073319	.	100	100	100
9DXD-assembly1.cif	M1239v2TS450_4	214	197	0.107551	0.104347	5054.332747	847.816267	631.753856	6422.600201	4422.578891	0.574193	0.822262	5054.332747	7054.354057	4978.259428	2076.094629	76.073319	.	100	100	100
9DXD-assembly1.cif	M1239v1TS481_3	214	97	0.107153	0.12111	5054.332747	856.332946	630.806735	4731.98284	4423.526012	0.583893	0.798107	5054.332747	5362.789575	4156.989418	1205.800158	897.343329	.	100	100	100
9DXD-assembly1.cif	M1239v1TS204_5	214	37	0.106054	0.11873	5054.332747	881.488566	631.163255	4946.447387	4423.169492	0.613343	0.814375	5054.332747	5577.610642	4329.193799	1248.416844	725.138948	.	100	100	100
9DXD-assembly1.cif	M1239v2TS286_2	214	174	0.10595	0.108812	5054.332747	839.437109	619.424053	5711.454493	4434.908695	0.510421	0.693768	5054.332747	6330.878545	3949.349335	2381.52921	1104.983412	.	100	100	100
9DXD-assembly1.cif	M1239v1TS167_2	214	29	0.105213	0.103062	5054.332747	799.896419	602.758585	6039.916653	4451.574162	0.539739	0.69578	5054.332747	6642.675238	4069.273164	2573.402074	985.059583	.	100	100	100
9DXD-assembly1.cif	M1239v1TS450_2	214	86	0.105213	0.103062	5054.332747	799.896419	602.758585	6039.916653	4451.574162	0.539739	0.69578	5054.332747	6642.675238	4069.273164	2573.402074	985.059583	.	100	100	100
9DXD-assembly1.cif	M1239v2TS033_1	214	116	0.105183	0.111197	5054.332747	850.985384	623.800026	5541.574828	4430.532721	0.550699	0.746945	5054.332747	6165.374854	4190.250413	1975.124441	864.082334	.	100	100	100
9DXD-assembly1.cif	M1239v2TS033_2	214	117	0.105021	0.103565	5054.332747	865.164445	618.161885	6265.205552	4436.170862	0.492073	0.66615	5054.332747	6883.367438	3976.151148	2907.216289	1078.181599	.	100	100	100
9DXD-assembly1.cif	M1239v1TS167_3	214	30	0.103928	0.096345	5054.332747	794.650103	598.785412	6776.880648	4455.547335	0.607663	0.706346	5054.332747	7375.666059	4389.940519	2985.725541	664.392228	.	100	100	100
9DXD-assembly1.cif	M1239v1TS450_3	214	87	0.103928	0.096345	5054.332747	794.650103	598.785412	6776.880648	4455.547335	0.607663	0.706346	5054.332747	7375.666059	4389.940519	2985.725541	664.392228	.	100	100	100
9DXD-assembly1.cif	M1239v1TS028_2	214	7	0.103905	0.129989	5054.332747	844.483131	618.528389	3843.753935	4435.804359	0.36198	0.661143	5054.332747	4462.282324	3145.924058	1316.358265	1908.408689	.	100	100	100
9DXD-assembly1.cif	M1239v1TS204_3	214	35	0.103888	0.1057	5054.332747	885.582258	623.090574	6112.351884	4431.242173	0.51848	0.701308	5054.332747	6735.442459	4134.130145	2601.312314	920.202602	.	100	100	100
9DXD-assembly1.cif	M1239v1TS033_2	214	12	0.103714	0.106131	5054.332747	806.009546	602.728618	5701.167451	4451.60413	0.555002	0.733226	5054.332747	6303.896069	4164.075527	2139.820541	890.25722	.	100	100	100
9DXD-assembly1.cif	M1239v1TS110_5	214	25	0.103665	0.11299	5054.332747	833.924019	610.030316	5133.606894	4444.302431	0.6746	0.847686	5054.332747	5743.63721	4576.64498	1166.99223	477.687767	.	100	100	100
9DXD-assembly1.cif	M1239v2TS110_2	214	127	0.103665	0.11299	5054.332747	833.924019	610.030316	5133.606894	4444.302431	0.6746	0.847686	5054.332747	5743.63721	4576.64498	1166.99223	477.687767	.	100	100	100
9DXD-assembly1.cif	M1239v2TS481_4	214	207	0.103465	0.113146	5054.332747	834.282784	608.977977	5101.126344	4445.35477	0.499804	0.736513	5054.332747	5710.104321	3964.072998	1746.031323	1090.259749	.	100	100	100
9DXD-assembly1.cif	M1239v1TS369_4	214	83	0.103036	0.102732	5054.332747	881.463178	620.851889	6411.589514	4433.480858	0.614592	0.836341	5054.332747	7032.441403	5054.332747	1978.108656	0	.	100	100	100
9DXD-assembly1.cif	M1239v2TS369_4	214	192	0.103036	0.102732	5054.332747	881.463178	620.851889	6411.589514	4433.480858	0.614592	0.836341	5054.332747	7032.441403	5054.332747	1978.108656	0	.	100	100	100
9DXD-assembly1.cif	M1239v2TS286_1	214	173	0.103012	0.131754	5054.332747	899.701891	624.800978	3805.254316	4429.531769	0.355557	0.65316	5054.332747	4430.055294	3097.413021	1332.642273	1956.919726	.	100	100	100
9DXF-assembly1.cif	M1239v1TS304_5	215	77	0.102973	0.181968	5089.68122	662.370748	585.983364	764.845951	4503.697855	0.265405	0.419479	5089.68122	1350.829316	1350.829316	0	3738.851904	.	54.894515	60.729439	83.333333
9DXD-assembly1.cif	M1239v1TS369_1	214	80	0.102959	0.102428	5054.332747	833.349919	607.81032	6205.92286	4446.522427	0.577397	0.723505	5054.332747	6813.733181	4293.300538	2520.432643	761.032209	.	100	100	100
9DXD-assembly1.cif	M1239v2TS369_1	214	189	0.102959	0.102428	5054.332747	833.349919	607.81032	6205.92286	4446.522427	0.577397	0.723505	5054.332747	6813.733181	4293.300538	2520.432643	761.032209	.	100	100	100
9DXD-assembly1.cif	M1239v2TS462_3	214	201	0.102855	0.111379	5054.332747	831.061038	604.391296	5194.194499	4449.941451	0.412783	0.63727	5054.332747	5798.585794	3458.121555	2340.46424	1596.211192	.	100	100	100
9DXD-assembly1.cif	M1239v2TS462_2	214	200	0.102441	0.127445	5054.332747	858.255726	608.383651	3884.654935	4445.949097	0.35855	0.660419	5054.332747	4493.038585	3152.634932	1340.403653	1901.697815	.	100	100	100
9DXD-assembly1.cif	M1239v1TS033_4	214	14	0.102311	0.120228	5054.332747	861.681592	617.658323	4602.791078	4436.674424	0.462626	0.726284	5054.332747	5220.449401	3731.206898	1489.242502	1323.125849	.	100	100	100
9DXD-assembly1.cif	M1239v1TS369_2	214	81	0.102186	0.103462	5054.332747	853.704049	603.54928	6009.179119	4450.783467	0.691671	0.866428	5054.332747	6612.728399	5054.332747	1558.395652	0	.	100	100	100
9DXD-assembly1.cif	M1239v2TS369_2	214	190	0.102186	0.103462	5054.332747	853.704049	603.54928	6009.179119	4450.783467	0.691671	0.866428	5054.332747	6612.728399	5054.332747	1558.395652	0	.	100	100	100
9DXD-assembly1.cif	M1239v1TS369_3	214	82	0.101757	0.101184	5054.332747	815.740407	596.684956	6143.036509	4457.647791	0.551195	0.714803	5054.332747	6739.721465	4215.212274	2524.509191	839.120473	.	100	100	100
9DXD-assembly1.cif	M1239v2TS369_3	214	191	0.101757	0.101184	5054.332747	815.740407	596.684956	6143.036509	4457.647791	0.551195	0.714803	5054.332747	6739.721465	4215.212274	2524.509191	839.120473	.	100	100	100
9DXD-assembly1.cif	M1239v1TS208_4	214	40	0.101585	0.118094	5054.332747	834.656453	596.727867	4454.919685	4457.604881	0.512164	0.756017	5054.332747	5051.647551	3820.14727	1231.500281	1234.185477	.	100	100	100
9DXD-assembly1.cif	M1239v1TS110_2	214	22	0.100982	0.126033	5054.332747	792.643089	585.310255	3648.578259	4469.022492	0.381437	0.663399	5054.332747	4233.888514	3080.898917	1152.989597	1973.43383	.	100	100	100
9DXD-assembly1.cif	M1239v1TS481_4	214	98	0.100972	0.118149	5054.332747	846.131454	596.030647	4439.082637	4458.3021	0.510904	0.754986	5054.332747	5035.113284	3808.696181	1226.417103	1245.636566	.	100	100	100
9DXD-assembly1.cif	M1239v2TS028_2	214	112	0.100802	0.124961	5054.332747	796.236226	585.274913	3727.724709	4469.057834	0.36635	0.658101	5054.332747	4312.999622	3082.32604	1230.673583	1972.006708	.	100	100	100
9DXD-assembly1.cif	M1239v1TS231_2	214	42	0.100214	0.10307	5054.332747	852.335546	610.888996	6188.64628	4443.443751	0.497435	0.658269	5054.332747	6799.535277	3901.514368	2898.020909	1152.818379	.	100	100	100
9DXD-assembly1.cif	M1239v1TS304_5	214	77	0.100123	0.175589	5054.332747	644.16603	562.338706	788.490609	4491.994041	0.267262	0.421794	5054.332747	1350.829316	1350.829316	0	3703.503432	.	54.890388	60.721696	83.333333
9DXD-assembly1.cif	M1239v1TS167_1	214	28	0.099844	0.100332	5054.332747	819.979108	586.468812	6049.729072	4467.863935	0.557949	0.726094	5054.332747	6636.197885	4244.214984	2391.982901	810.117763	.	100	100	100
9DXD-assembly1.cif	M1239v1TS450_1	214	85	0.099844	0.100332	5054.332747	819.979108	586.468812	6049.729072	4467.863935	0.557949	0.726094	5054.332747	6636.197885	4244.214984	2391.982901	810.117763	.	100	100	100
9DXD-assembly1.cif	M1239v1TS286_3	214	65	0.099449	0.098537	5054.332747	772.625847	570.916116	5962.603826	4483.416631	0.541278	0.712336	5054.332747	6533.519942	4127.220209	2406.299733	927.112538	.	100	100	100
9DXD-assembly1.cif	M1239v2TS231_4	214	151	0.099448	0.110271	5054.332747	800.850768	582.954416	4935.882497	4471.378332	0.629451	0.822865	5054.332747	5518.836913	4350.146228	1168.690685	704.186519	.	100	100	100
9DXD-assembly1.cif	M1239v1TS489_5	214	104	0.099367	0.11476	5054.332747	836.705021	590.033954	4638.555348	4464.298793	0.666556	0.836103	5054.332747	5228.589303	4298.791937	929.797365	755.54081	.	100	100	100
9DXD-assembly1.cif	M1239v1TS091_5	214	20	0.099121	0.102985	5054.332747	874.848182	605.247344	6094.485159	4449.085403	0.677575	0.860014	5054.332747	6699.732503	5054.332747	1645.399756	0	.	100	100	100
9DXD-assembly1.cif	M1239v2TS091_5	214	125	0.099121	0.102985	5054.332747	874.848182	605.247344	6094.485159	4449.085403	0.677575	0.860014	5054.332747	6699.732503	5054.332747	1645.399756	0	.	100	100	100
9DXD-assembly1.cif	M1239v1TS294_1	214	68	0.099016	0.103578	5054.332747	827.605553	587.740269	5706.697564	4466.592478	0.539818	0.734765	5054.332747	6294.437834	4169.339143	2125.098691	884.993604	.	100	100	100
9DXD-assembly1.cif	M1239v2TS481_2	214	205	0.098863	0.100621	5054.332747	770.402147	570.365849	5712.195264	4483.966898	0.711648	0.871444	5054.332747	6282.561112	4939.733721	1342.827391	114.599026	.	100	100	100
9DXD-assembly1.cif	M1239v2TS028_5	214	115	0.098534	0.099073	5054.332747	778.181762	570.060159	5883.457257	4484.272588	0.530716	0.703979	5054.332747	6453.517415	4050.645215	2402.8722	1003.687532	.	100	100	100
9DXD-assembly1.cif	M1239v1TS028_5	214	10	0.098453	0.103875	5054.332747	823.235328	577.123305	5480.432621	4477.209442	0.43818	0.6551	5054.332747	6057.555926	3639.696865	2417.859061	1414.635882	.	100	100	100
9DXD-assembly1.cif	M1239v2TS110_5	214	130	0.09845	0.103873	5054.332747	823.224241	577.1107	5480.369954	4477.222047	0.438176	0.655098	5054.332747	6057.480654	3639.66296	2417.817694	1414.669788	.	100	100	100
9DXD-assembly1.cif	M1239v1TS091_3	214	18	0.098013	0.098107	5054.332747	821.807158	578.165328	6153.93305	4476.167419	0.54799	0.708364	5054.332747	6732.098378	4174.54207	2557.556307	879.790677	.	100	100	100
9DXD-assembly1.cif	M1239v2TS091_1	214	121	0.098013	0.098107	5054.332747	821.807158	578.165328	6153.93305	4476.167419	0.54799	0.708364	5054.332747	6732.098378	4174.54207	2557.556307	879.790677	.	100	100	100
9DXD-assembly1.cif	M1239v2TS231_2	214	149	0.097641	0.100813	5054.332747	743.584136	554.314122	5388.209741	4500.018626	0.719595	0.871121	5054.332747	5942.523863	4789.798472	1152.725391	264.534275	.	100	100	100
9DXD-assembly1.cif	M1239v1TS286_4	214	66	0.097629	0.111634	5054.332747	844.974576	588.808859	4905.761991	4465.523889	0.567814	0.792406	5054.332747	5494.57085	4179.505178	1315.065671	874.827569	.	100	100	100
9DXD-assembly1.cif	M1239v2TS262_1	214	163	0.097575	0.109298	5054.332747	885.11843	618.051581	5637.076306	4436.281166	0.473199	0.673945	5054.332747	6255.127888	3810.974553	2444.153334	1243.358194	.	100	100	100
9DXD-assembly1.cif	M1239v2TS262_3	214	165	0.097575	0.109278	5054.332747	885.11843	618.051581	5639.141229	4436.281166	0.473608	0.674187	5054.332747	6257.19281	3813.039476	2444.153334	1241.293271	.	100	100	100
9DXD-assembly1.cif	M1239v2TS262_5	214	167	0.097575	0.109324	5054.332747	885.11843	618.051581	5634.43528	4436.281166	0.472677	0.673635	5054.332747	6252.486861	3808.333527	2444.153334	1245.99922	.	100	100	100
9DXD-assembly1.cif	M1239v1TS167_4	214	31	0.09751	0.09719	5054.332747	781.216618	576.07945	6224.294782	4478.253297	0.568749	0.715357	5054.332747	6800.374232	4240.171599	2560.202633	814.161148	.	100	100	100
9DXD-assembly1.cif	M1239v1TS450_4	214	88	0.09751	0.09719	5054.332747	781.216618	576.07945	6224.294782	4478.253297	0.568749	0.715357	5054.332747	6800.374232	4240.171599	2560.202633	814.161148	.	100	100	100
9DXD-assembly1.cif	M1239v2TS167_5	214	137	0.09687	0.095428	5054.332747	769.911781	566.230415	6246.599299	4488.102332	0.643713	0.767225	5054.332747	6812.829714	4552.390773	2260.438942	501.941974	.	100	100	100
9DXD-assembly1.cif	M1239v2TS450_5	214	198	0.09687	0.095428	5054.332747	769.911781	566.230415	6246.599299	4488.102332	0.643713	0.767225	5054.332747	6812.829714	4552.390773	2260.438942	501.941974	.	100	100	100
9DXD-assembly1.cif	M1239v1TS481_5	214	99	0.096676	0.114629	5054.332747	768.897262	563.759757	4218.148012	4490.57299	0.55556	0.771625	5054.332747	4781.907769	3794.946306	986.961463	1259.386442	.	100	100	100
9DXD-assembly1.cif	M1239v1TS369_5	214	84	0.096407	0.099123	5054.332747	801.534121	567.299637	5824.707644	4487.03311	0.534474	0.721342	5054.332747	6392.007281	4128.365169	2263.642112	925.967578	.	100	100	100
9DXD-assembly1.cif	M1239v2TS369_5	214	193	0.096407	0.099123	5054.332747	801.534121	567.299637	5824.707644	4487.03311	0.534474	0.721342	5054.332747	6392.007281	4128.365169	2263.642112	925.967578	.	100	100	100
9DXD-assembly1.cif	M1239v1TS231_1	214	41	0.095931	0.09408	5054.332747	797.890361	564.037862	6372.258304	4490.294885	0.510466	0.662132	5054.332747	6936.296166	3969.690956	2966.60521	1084.641791	.	100	100	100
9DXD-assembly1.cif	M1239v2TS489_5	214	213	0.095876	0.115606	5054.332747	815.158284	570.926366	4251.844339	4483.406381	0.455641	0.721439	5054.332747	4822.770704	3562.865759	1259.904946	1491.466989	.	100	100	100
9DXD-assembly1.cif	M1239v1TS167_5	214	32	0.095663	0.091555	5054.332747	788.594817	565.20156	6727.211312	4489.131187	0.596002	0.71549	5054.332747	7292.412872	4416.984796	2875.428075	637.347951	.	100	100	100
9DXD-assembly1.cif	M1239v1TS450_5	214	89	0.095663	0.091555	5054.332747	788.594817	565.20156	6727.211312	4489.131187	0.596002	0.71549	5054.332747	7292.412872	4416.984796	2875.428075	637.347951	.	100	100	100
9DXD-assembly1.cif	M1239v2TS231_3	214	150	0.095541	0.107199	5054.332747	779.161741	562.976738	4886.077696	4491.356009	0.490099	0.721696	5054.332747	5449.054434	3790.12607	1658.928364	1264.206677	.	100	100	100
9DXD-assembly1.cif	M1239v2TS462_4	214	202	0.095401	0.101281	5054.332747	802.387831	561.33108	5468.915501	4493.001667	0.364339	0.585631	5054.332747	6030.246581	3245.734183	2784.512398	1808.598564	.	100	100	100
9DXD-assembly1.cif	M1239v2TS231_5	214	152	0.095292	0.104339	5054.332747	821.999793	579.983615	5483.018276	4474.349132	0.690143	0.859128	5054.332747	6063.001891	4775.608077	1287.393814	278.72467	.	100	100	100
9DXD-assembly1.cif	M1239v1TS286_1	214	63	0.095277	0.099604	5054.332747	769.136086	554.102349	5517.662377	4500.230398	0.518018	0.704299	5054.332747	6071.764727	3918.047117	2153.71761	1136.28563	.	100	100	100
9DXD-assembly1.cif	M1239v2TS033_5	214	120	0.095263	0.099276	5054.332747	753.603202	554.105837	5554.450082	4500.22691	0.735635	0.880301	5054.332747	6108.555919	4913.350018	1195.205901	140.982729	.	100	100	100
9DXD-assembly1.cif	M1239v1TS286_5	214	67	0.095257	0.110341	5054.332747	809.477317	574.745965	4788.536333	4479.586782	0.329632	0.579592	5054.332747	5363.282298	3018.984716	2344.297582	2035.348031	.	100	100	100
9DXD-assembly1.cif	M1239v1TS481_2	214	96	0.094883	0.113783	5054.332747	795.011434	567.040888	4345.67683	4487.291859	0.577004	0.785497	5054.332747	4912.717718	3914.543934	998.173785	1139.788814	.	100	100	100
9DXD-assembly1.cif	M1239v2TS028_3	214	113	0.094475	0.110544	5054.332747	771.21293	560.441459	4524.950107	4493.891288	0.570511	0.785914	5054.332747	5085.391566	3984.473209	1100.918357	1069.859539	.	100	100	100
9DXD-assembly1.cif	M1239v2TS231_1	214	148	0.094242	0.10385	5054.332747	802.282153	566.968349	5297.632787	4487.364398	0.40197	0.61862	5054.332747	5864.601137	3377.333692	2487.267444	1676.999055	.	100	100	100
9DXD-assembly1.cif	M1239v2TS489_4	214	212	0.094054	0.109814	5054.332747	744.617052	545.708876	4338.735899	4508.623872	0.648691	0.821343	5054.332747	4884.444775	4081.57358	802.871195	972.759167	.	100	100	100
9DXD-assembly1.cif	M1239v1TS204_4	214	36	0.093895	0.099209	5054.332747	799.979589	558.761968	5651.189691	4495.570779	0.598104	0.809756	5054.332747	6209.951659	4560.659009	1649.29265	493.673738	.	100	100	100
9DXD-assembly1.cif	M1239v1TS028_1	214	6	0.093606	0.117734	5054.332747	766.602912	550.140738	3741.032183	4504.192009	0.36609	0.657162	5054.332747	4291.172921	3070.757153	1220.415768	1983.575594	.	100	100	100
9DXD-assembly1.cif	M1239v2TS462_5	214	203	0.093442	0.092859	5054.332747	791.496274	553.158188	6306.411417	4501.17456	0.529472	0.686107	5054.332747	6859.569604	4087.105128	2772.464476	967.227619	.	100	100	100
9DXD-assembly1.cif	M1239v1TS262_4	214	56	0.09324	0.097528	5054.332747	765.090572	555.47138	5781.176549	4498.861367	0.50558	0.67873	5054.332747	6336.647929	3865.701078	2470.94685	1188.631669	.	100	100	100
9DXD-assembly1.cif	M1239v1TS208_2	214	39	0.093174	0.107356	5054.332747	784.465516	550.72131	4654.697152	4503.611437	0.552024	0.77931	5054.332747	5205.418462	3997.764568	1207.653894	1056.568179	.	100	100	100
9DXD-assembly1.cif	M1239v1TS481_1	214	95	0.09116	0.10639	5054.332747	759.779555	540.234426	4561.192381	4514.098322	0.519094	0.760662	5054.332747	5101.426807	3862.551128	1238.875679	1191.781619	.	100	100	100
9DXD-assembly1.cif	M1239v2TS262_2	214	164	0.090678	0.100201	5054.332747	802.622364	561.811177	5597.549181	4492.52157	0.517753	0.705841	5054.332747	6159.360357	3957.541891	2201.818467	1096.790857	.	100	100	100
9DXD-assembly1.cif	M1239v2TS262_4	214	166	0.090678	0.100193	5054.332747	802.622364	561.811177	5598.429878	4492.52157	0.517928	0.705943	5054.332747	6160.241054	3958.422587	2201.818467	1095.91016	.	100	100	100
9DXD-assembly1.cif	M1239v2TS028_4	214	114	0.090023	0.117835	5054.332747	795.85365	554.4621	3802.029918	4499.870647	0.399512	0.677492	5054.332747	4356.492018	3187.879064	1168.612953	1866.453683	.	100	100	100
9DXD-assembly1.cif	M1239v1TS262_1	214	53	0.087908	0.092175	5054.332747	768.57351	534.312807	6004.812267	4520.01994	0.523201	0.695954	5054.332747	6539.125074	4034.255957	2504.869116	1020.07679	.	100	100	100
9DXD-assembly1.cif	M1239v1TS262_3	214	55	0.087908	0.092182	5054.332747	768.57351	534.312807	6003.92989	4520.01994	0.523229	0.696032	5054.332747	6538.242697	4034.400331	2503.842366	1019.932416	.	100	100	100
9DXD-assembly1.cif	M1239v1TS262_2	214	54	0.087754	0.10127	5054.332747	767.412432	533.892924	4955.756822	4520.439823	0.513024	0.755158	5054.332747	5489.649746	3981.183822	1508.465925	1073.148926	.	100	100	100
9DXD-assembly1.cif	M1239v1TS262_5	214	57	0.087754	0.101273	5054.332747	767.412432	533.892924	4955.426637	4520.439823	0.512959	0.755119	5054.332747	5489.319561	3980.853636	1508.465925	1073.479111	.	100	100	100
9DXF-assembly1.cif	M1239v1TS159_2	215	27	0.08287	0.101927	5089.68122	771.335536	537.985363	4928.659383	4551.695857	0.620855	0.79774	5089.68122	5466.644746	4210.603616	1256.04113	879.077603	.	100	100	100
9DXF-assembly1.cif	M1239v1TS325_2	215	79	0.08287	0.101927	5089.68122	771.335536	537.985363	4928.659383	4551.695857	0.620855	0.79774	5089.68122	5466.644746	4210.603616	1256.04113	879.077603	.	100	100	100
9DXF-assembly1.cif	M1239v2TS159_2	215	132	0.08287	0.101927	5089.68122	771.335536	537.985363	4928.659383	4551.695857	0.620855	0.79774	5089.68122	5466.644746	4210.603616	1256.04113	879.077603	.	100	100	100
9DXF-assembly1.cif	M1239v2TS325_2	215	188	0.08287	0.101927	5089.68122	771.335536	537.985363	4928.659383	4551.695857	0.620855	0.79774	5089.68122	5466.644746	4210.603616	1256.04113	879.077603	.	100	100	100
9DXF-assembly1.cif	M1239v1TS033_3	215	13	0.0806	0.087443	5089.68122	743.518671	514.766211	6169.36402	4574.915009	0.735035	0.864577	5089.68122	6684.130231	5089.68122	1594.449011	0	.	100	100	100
9DXF-assembly1.cif	M1239v1TS294_5	215	72	0.079696	0.101563	5089.68122	728.197127	514.49595	4527.336551	4575.185269	0.50533	0.737965	5089.68122	5041.832502	3738.349397	1303.483104	1351.331822	.	100	100	100
9DXF-assembly1.cif	M1239v2TS208_4	215	146	0.078697	0.100034	5089.68122	704.026122	499.784789	4402.812941	4589.896431	0.473375	0.705589	5089.68122	4902.59773	3525.219994	1377.377736	1564.461226	.	100	100	100
9DXF-assembly1.cif	M1239v2TS208_5	215	147	0.078214	0.098178	5089.68122	706.916326	495.696845	4512.526944	4593.984375	0.486032	0.71673	5089.68122	5008.223789	3618.735167	1389.488622	1470.946053	.	100	100	100
9DXF-assembly1.cif	M1239v2TS033_3	215	118	0.078099	0.088624	5089.68122	726.803322	511.285438	5937.339384	4578.395781	0.56815	0.702448	5089.68122	6448.624822	4052.527811	2396.097012	1037.153409	.	100	100	100
9DXF-assembly1.cif	M1239v1TS294_3	215	70	0.077907	0.085163	5089.68122	700.365857	495.21877	6044.981374	4594.46245	0.571595	0.70407	5089.68122	6540.200144	4094.125327	2446.074817	995.555893	.	100	100	100
9DXF-assembly1.cif	M1239v2TS481_1	215	204	0.077869	0.090483	5089.68122	771.095597	517.293633	5827.019791	4572.387587	0.689666	0.801207	5089.68122	6344.313424	4580.497011	1763.816413	509.184208	.	100	100	100
9DXF-assembly1.cif	M1239v2TS110_3	215	128	0.077802	0.094503	5089.68122	756.824986	517.348305	5341.745342	4572.332914	0.689022	0.821726	5089.68122	5859.093648	4498.447105	1360.646542	591.234115	.	100	100	100
9DXF-assembly1.cif	M1239v1TS294_2	215	69	0.077649	0.086168	5089.68122	715.520864	503.441116	6092.03669	4586.240104	0.588137	0.709622	5089.68122	6595.477806	4146.025272	2449.452534	943.655947	.	100	100	100
9DXF-assembly1.cif	M1239v1TS489_2	215	101	0.077227	0.099965	5089.68122	766.312018	525.103918	4890.930697	4564.577301	0.530236	0.744165	5089.68122	5416.034615	3908.99384	1507.040776	1180.68738	.	100	100	100
9DXF-assembly1.cif	M1239v2TS481_3	215	206	0.077181	0.087534	5089.68122	706.11334	490.844545	5634.473452	4598.836675	0.79056	0.891923	5089.68122	6125.317997	5001.4598	1123.858197	88.22142	.	100	100	100
9DXF-assembly1.cif	M1239v1TS028_4	215	9	0.076676	0.104796	5089.68122	712.362517	499.566353	3944.852333	4590.114866	0.395303	0.660215	5089.68122	4444.418686	3147.278062	1297.140625	1942.403158	.	100	100	100
9DXF-assembly1.cif	M1239v1TS489_3	215	102	0.076607	0.099755	5089.68122	739.778752	515.862942	4737.020403	4573.818278	0.545623	0.76328	5089.68122	5252.883344	3947.138088	1305.745256	1142.543131	.	100	100	100
9DXF-assembly1.cif	M1239v2TS208_2	215	144	0.076461	0.097733	5089.68122	714.258975	494.872149	4542.511318	4594.809071	0.483134	0.707827	5089.68122	5037.383467	3584.10256	1453.280907	1505.578659	.	100	100	100
9DXF-assembly1.cif	M1239v1TS294_4	215	71	0.076343	0.098329	5089.68122	722.237607	502.381945	4626.319612	4587.299274	0.510418	0.739552	5089.68122	5128.701558	3778.51338	1350.188178	1311.16784	.	100	100	100
9DXF-assembly1.cif	M1239v1TS489_1	215	100	0.076328	0.096909	5089.68122	741.574107	514.17651	5007.649123	4575.50471	0.547214	0.760553	5089.68122	5521.825633	4035.305803	1486.51983	1054.375417	.	100	100	100
9DXF-assembly1.cif	M1239v2TS204_5	215	142	0.076311	0.088769	5089.68122	782.392177	523.267888	6176.531511	4566.413332	0.767447	0.863428	5089.68122	6699.799399	5089.68122	1610.118179	0	.	100	100	100
9DXF-assembly1.cif	M1239v2TS481_5	215	208	0.076025	0.09001	5089.68122	693.823318	490.952006	5328.163558	4598.729214	0.519913	0.67921	5089.68122	5819.115564	3704.683961	2114.431603	1384.997259	.	100	100	100
9DXF-assembly1.cif	M1239v2TS028_1	215	111	0.075622	0.103718	5089.68122	726.516049	492.829897	3920.754168	4596.851322	0.41841	0.667476	5089.68122	4413.584066	3171.600765	1241.9833	1918.080454	.	100	100	100
9DXF-assembly1.cif	M1239v1TS028_3	215	8	0.075619	0.106048	5089.68122	748.859389	506.719262	3960.045488	4582.961957	0.41618	0.661067	5089.68122	4466.764751	3158.726939	1308.037811	1930.95428	.	100	100	100
9DXF-assembly1.cif	M1239v1TS091_4	215	19	0.075359	0.09607	5089.68122	719.293946	499.165085	4802.894601	4590.516134	0.553781	0.76368	5089.68122	5302.059686	3967.98106	1334.078627	1121.70016	.	100	100	100
9DXF-assembly1.cif	M1239v2TS091_4	215	124	0.075359	0.09607	5089.68122	719.293946	499.165085	4802.894601	4590.516134	0.553781	0.76368	5089.68122	5302.059686	3967.98106	1334.078627	1121.70016	.	100	100	100
9DXF-assembly1.cif	M1239v2TS208_3	215	145	0.075116	0.099244	5089.68122	737.29585	493.921108	4370.042825	4595.760112	0.484828	0.709082	5089.68122	4863.963933	3528.973374	1334.990559	1560.707845	.	100	100	100
9DXF-assembly1.cif	M1239v1TS159_1	215	26	0.075076	0.097901	5089.68122	754.340223	514.680544	4909.898875	4575.000676	0.559361	0.757915	5089.68122	5424.579419	3984.460288	1440.119131	1105.220931	.	100	100	100
9DXF-assembly1.cif	M1239v1TS325_1	215	78	0.075076	0.097901	5089.68122	754.340223	514.680544	4909.898875	4575.000676	0.559361	0.757915	5089.68122	5424.579419	3984.460288	1440.119131	1105.220931	.	100	100	100
9DXF-assembly1.cif	M1239v2TS159_1	215	131	0.075076	0.097901	5089.68122	754.340223	514.680544	4909.898875	4575.000676	0.559361	0.757915	5089.68122	5424.579419	3984.460288	1440.119131	1105.220931	.	100	100	100
9DXF-assembly1.cif	M1239v1TS489_4	215	103	0.074778	0.096772	5089.68122	713.949019	499.167462	4727.505462	4590.513757	0.570845	0.775593	5089.68122	5226.672924	4000.646887	1226.026037	1089.034332	.	100	100	100
9DXF-assembly1.cif	M1239v2TS204_3	215	140	0.074609	0.08689	5089.68122	715.461151	495.442487	5818.744045	4594.238733	0.766731	0.890059	5089.68122	6314.186532	5075.055163	1239.131369	14.626057	.	100	100	100
9DXF-assembly1.cif	M1239v1TS033_1	215	11	0.074312	0.081568	5089.68122	601.601667	461.471077	5763.82784	4628.210143	0.776878	0.899636	5089.68122	6225.298917	5089.68122	1135.617697	0	.	100	100	100
9DXF-assembly1.cif	M1239v2TS167_1	215	133	0.074312	0.081568	5089.68122	601.601667	461.471077	5763.82784	4628.210143	0.776878	0.899636	5089.68122	6225.298917	5089.68122	1135.617697	0	.	100	100	100
9DXF-assembly1.cif	M1239v2TS450_1	215	194	0.074312	0.081568	5089.68122	601.601667	461.471077	5763.82784	4628.210143	0.776878	0.899636	5089.68122	6225.298917	5089.68122	1135.617697	0	.	100	100	100
9DXF-assembly1.cif	M1239v1TS204_2	215	34	0.074139	0.09529	5089.68122	754.644257	506.841021	5041.336014	4582.840199	0.53678	0.762186	5089.68122	5548.177034	4054.013531	1494.163504	1035.667689	.	100	100	100
9DXF-assembly1.cif	M1239v2TS204_1	215	138	0.074139	0.09529	5089.68122	754.644257	506.841021	5041.336014	4582.840199	0.53678	0.762186	5089.68122	5548.177034	4054.013531	1494.163504	1035.667689	.	100	100	100
9DXF-assembly1.cif	M1239v2TS208_1	215	143	0.073656	0.096507	5089.68122	720.833116	475.576999	4290.580469	4614.104221	0.471447	0.69782	5089.68122	4766.157468	3438.802152	1327.355316	1650.879068	.	100	100	100
9DXF-assembly1.cif	M1239v1TS110_1	215	21	0.073603	0.101649	5089.68122	719.182903	494.632219	4147.866242	4595.049001	0.433193	0.68354	5089.68122	4642.498461	3326.169071	1316.32939	1763.512149	.	100	100	100
9DXF-assembly1.cif	M1239v2TS204_4	215	141	0.073524	0.083711	5089.68122	717.83728	493.160066	6199.644673	4596.521153	0.685553	0.86394	5089.68122	6692.804739	5089.68122	1603.12352	0	.	100	100	100
9DXF-assembly1.cif	M1239v2TS167_3	215	135	0.073305	0.079976	5089.68122	548.065969	440.217553	5478.880158	4649.463667	0.809293	0.91183	5089.68122	5919.097711	5019.069574	900.028137	70.611645	.	100	100	100
9DXF-assembly1.cif	M1239v2TS450_3	215	196	0.073305	0.079976	5089.68122	548.065969	440.217553	5478.880158	4649.463667	0.809293	0.91183	5089.68122	5919.097711	5019.069574	900.028137	70.611645	.	100	100	100
9DXF-assembly1.cif	M1239v2TS167_2	215	134	0.070471	0.078228	5089.68122	578.824001	438.943617	5693.532584	4650.737603	0.795116	0.907077	5089.68122	6132.476201	5089.68122	1042.794981	0	.	100	100	100
9DXF-assembly1.cif	M1239v2TS450_2	215	195	0.070471	0.078228	5089.68122	578.824001	438.943617	5693.532584	4650.737603	0.795116	0.907077	5089.68122	6132.476201	5089.68122	1042.794981	0	.	100	100	100
9DXF-assembly1.cif	M1239v2TS286_3	215	175	0.070083	0.0814	5089.68122	718.089662	485.559302	6355.012536	4604.121917	0.589735	0.687834	5089.68122	6840.571838	4103.018538	2737.5533	986.662682	.	100	100	100
9DXF-assembly1.cif	M1239v2TS286_4	215	176	0.069589	0.092706	5089.68122	746.893262	486.645031	4922.368006	4603.036189	0.545908	0.747914	5089.68122	5409.013037	3926.058429	1482.954608	1163.622791	.	100	100	100
9DXF-assembly1.cif	M1239v1TS091_1	215	16	0.069428	0.076048	5089.68122	567.452439	431.077314	5816.291512	4658.603906	0.657728	0.846339	5089.68122	6247.368826	4797.496585	1449.872241	292.184635	.	100	100	100
9DXF-assembly1.cif	M1239v2TS091_3	215	123	0.069428	0.076048	5089.68122	567.452439	431.077314	5816.291512	4658.603906	0.657728	0.846339	5089.68122	6247.368826	4797.496585	1449.872241	292.184635	.	100	100	100
9DXF-assembly1.cif	M1239v2TS286_5	215	177	0.066198	0.085176	5089.68122	714.023179	468.072338	5432.97849	4621.608881	0.793137	0.900164	5089.68122	5901.050829	4946.727963	954.322866	142.953257	.	100	100	100
9DXF-assembly1.cif	M1239v1TS272_5	215	62	0.054549	0.06304	5089.68122	509.782361	344.261458	5488.048774	4745.419762	0.285169	0.652438	5089.68122	5832.310231	3562.959982	2269.35025	1526.721238	.	100	100	100
9DXF-assembly1.cif	M1239v2TS272_5	215	172	0.054549	0.06304	5089.68122	509.782361	344.261458	5488.048774	4745.419762	0.285169	0.652438	5089.68122	5832.310231	3562.959982	2269.35025	1526.721238	.	100	100	100
9DXF-assembly1.cif	M1239v1TS272_4	215	61	0.054329	0.079281	5089.68122	495.207758	336.419112	3060.680963	4753.262107	0.300855	0.58071	5089.68122	3397.100075	2464.178795	932.92128	2625.502424	.	100	100	100
9DXF-assembly1.cif	M1239v2TS272_4	215	171	0.054329	0.079281	5089.68122	495.207758	336.419112	3060.680963	4753.262107	0.300855	0.58071	5089.68122	3397.100075	2464.178795	932.92128	2625.502424	.	100	100	100
9DXF-assembly1.cif	M1239v1TS272_3	215	60	0.054326	0.076826	5089.68122	495.202055	336.407849	3331.545783	4753.273371	0.247639	0.56275	5089.68122	3667.953631	2464.178795	1203.774836	2625.502424	.	100	100	100
9DXF-assembly1.cif	M1239v2TS272_3	215	170	0.054326	0.076826	5089.68122	495.202055	336.407849	3331.545783	4753.273371	0.247639	0.56275	5089.68122	3667.953631	2464.178795	1203.774836	2625.502424	.	100	100	100
9DXF-assembly1.cif	M1239v1TS272_2	215	59	0.054321	0.07701	5089.68122	495.191523	336.393339	3310.30941	4753.28788	0.244934	0.56011	5089.68122	3646.702749	2446.668542	1200.034206	2643.012677	.	100	100	100
9DXF-assembly1.cif	M1239v2TS272_2	215	169	0.054321	0.07701	5089.68122	495.191523	336.393339	3310.30941	4753.28788	0.244934	0.56011	5089.68122	3646.702749	2446.668542	1200.034206	2643.012677	.	100	100	100
9DXF-assembly1.cif	M1239v1TS272_1	215	58	0.054321	0.063555	5089.68122	495.160894	336.381112	5159.394208	4753.300108	0.085169	0.428466	5089.68122	5495.77532	2267.752243	3228.023078	2821.928977	.	100	100	100
9DXF-assembly1.cif	M1239v2TS272_1	215	168	0.054321	0.063555	5089.68122	495.160894	336.381112	5159.394208	4753.300108	0.085169	0.428466	5089.68122	5495.77532	2267.752243	3228.023078	2821.928977	.	100	100	100
9DXF-assembly1.cif	M1239v2TS167_4	215	136	0.022921	0.021237	5089.68122	164.78007	128.952094	6925.401962	4960.729125	0.613989	0.838219	5089.68122	7054.354057	5089.68122	1964.672837	0	.	100	100	100
9DXF-assembly1.cif	M1239v2TS450_4	215	197	0.022921	0.021237	5089.68122	164.78007	128.952094	6925.401962	4960.729125	0.613989	0.838219	5089.68122	7054.354057	5089.68122	1964.672837	0	.	100	100	100
9DXF-assembly1.cif	M1239v2TS481_2	215	205	0.019611	0.019322	5089.68122	139.963912	109.869531	6172.691581	4979.811689	0.765628	0.895106	5089.68122	6282.561112	5089.68122	1192.879893	0	.	100	100	100
9DXF-assembly1.cif	M1239v2TS462_4	215	202	0.019368	0.019525	5089.68122	139.654342	108.560804	5921.685777	4981.120416	0.328105	0.571099	5089.68122	6030.246581	3175.292177	2854.954404	1914.389042	.	100	100	100
9DXF-assembly1.cif	M1239v2TS462_2	215	200	0.019345	0.022647	5089.68122	139.714066	108.509995	4384.52859	4981.171224	0.318531	0.638051	5089.68122	4493.038585	3057.130349	1435.908236	2032.550871	.	100	100	100
9DXF-assembly1.cif	M1239v1TS231_2	215	42	0.019339	0.018152	5089.68122	137.417399	107.904582	6691.630695	4981.776637	0.464646	0.646332	5089.68122	6799.535277	3842.191163	2957.344114	1247.490057	.	100	100	100
9DXF-assembly1.cif	M1239v2TS231_5	215	152	0.019254	0.019511	5089.68122	140.574546	108.800832	5954.201059	4980.880388	0.686011	0.856707	5089.68122	6063.001891	4777.288391	1285.7135	312.392829	.	100	100	100
9DXF-assembly1.cif	M1239v1TS204_1	215	33	0.019243	0.018145	5089.68122	137.672346	106.337272	6524.797932	4983.343947	0.327067	0.594984	5089.68122	6631.135204	3486.847915	3144.28729	1602.833305	.	100	100	100
9DXF-assembly1.cif	M1239v2TS204_2	215	139	0.01924	0.018152	5089.68122	137.668555	106.328276	6519.289213	4983.352944	0.327023	0.595188	5089.68122	6625.617488	3486.403212	3139.214276	1603.278007	.	100	100	100
9DXF-assembly1.cif	M1239v1TS110_2	215	22	0.019145	0.022768	5089.68122	137.844004	106.139943	4127.748571	4983.541277	0.37854	0.660749	5089.68122	4233.888514	3080.269034	1153.619479	2009.412185	.	100	100	100
9DXF-assembly1.cif	M1239v2TS231_2	215	149	0.019104	0.019645	5089.68122	140.51667	108.363464	5834.160399	4981.317756	0.738332	0.87928	5089.68122	5942.523863	4850.197963	1092.3259	239.483257	.	100	100	100
9DXF-assembly1.cif	M1239v1TS091_5	215	20	0.018975	0.017641	5089.68122	135.3453	103.986571	6595.745932	4985.694648	0.669073	0.857133	5089.68122	6699.732503	5052.549266	1647.183237	37.131954	.	100	100	100
9DXF-assembly1.cif	M1239v2TS091_5	215	125	0.018975	0.017641	5089.68122	135.3453	103.986571	6595.745932	4985.694648	0.669073	0.857133	5089.68122	6699.732503	5052.549266	1647.183237	37.131954	.	100	100	100
9DXF-assembly1.cif	M1239v1TS167_3	215	30	0.018938	0.017018	5089.68122	135.808507	106.066712	7269.599347	4983.614507	0.602587	0.706453	5089.68122	7375.666059	4403.089028	2972.577032	686.592192	.	100	100	100
9DXF-assembly1.cif	M1239v1TS450_3	215	87	0.018938	0.017018	5089.68122	135.808507	106.066712	7269.599347	4983.614507	0.602587	0.706453	5089.68122	7375.666059	4403.089028	2972.577032	686.592192	.	100	100	100
9DXF-assembly1.cif	M1239v2TS028_4	215	114	0.018906	0.022697	5089.68122	140.964642	107.199334	4249.292683	4982.481885	0.391884	0.672342	5089.68122	4356.492018	3175.528142	1180.963875	1914.153077	.	100	100	100
9DXF-assembly1.cif	M1239v1TS208_4	215	40	0.018904	0.02093	5089.68122	136.212712	106.128619	4945.518932	4983.5526	0.471078	0.734547	5089.68122	5051.647551	3724.642687	1327.004864	1365.038533	.	100	100	100
9DXF-assembly1.cif	M1239v1TS167_4	215	31	0.018873	0.01794	5089.68122	136.31977	106.651604	6693.722628	4983.029616	0.563493	0.715249	5089.68122	6800.374232	4252.175859	2548.198373	837.505361	.	100	100	100
9DXF-assembly1.cif	M1239v1TS450_4	215	88	0.018873	0.01794	5089.68122	136.31977	106.651604	6693.722628	4983.029616	0.563493	0.715249	5089.68122	6800.374232	4252.175859	2548.198373	837.505361	.	100	100	100
9DXF-assembly1.cif	M1239v2TS231_4	215	151	0.018854	0.02009	5089.68122	138.142139	106.560034	5412.276879	4983.121186	0.627198	0.82114	5089.68122	5518.836913	4355.537466	1163.299447	734.143754	.	100	100	100
9DXF-assembly1.cif	M1239v1TS262_4	215	56	0.018853	0.018819	5089.68122	141.207527	107.517594	6229.130335	4982.163626	0.51313	0.68424	5089.68122	6336.647929	3909.176967	2427.470962	1180.504253	.	100	100	100
9DXF-assembly1.cif	M1239v2TS028_2	215	112	0.018846	0.022623	5089.68122	138.766868	106.358152	4206.641471	4983.323068	0.362151	0.654732	5089.68122	4312.999622	3078.117485	1234.882137	2011.563734	.	100	100	100
9DXF-assembly1.cif	M1239v2TS481_4	215	207	0.018823	0.019774	5089.68122	137.582147	106.774992	5603.329329	4982.906227	0.452781	0.716416	5089.68122	5710.104321	3868.568415	1841.535906	1221.112805	.	100	100	100
9DXF-assembly1.cif	M1239v1TS028_2	215	7	0.018822	0.022025	5089.68122	137.294036	105.19129	4357.091033	4984.489929	0.342415	0.649611	5089.68122	4462.282324	3102.531507	1359.750816	1987.149712	.	100	100	100
9DXF-assembly1.cif	M1239v1TS208_1	215	38	0.018809	0.020408	5089.68122	136.411704	105.559399	5149.684211	4984.121821	0.527463	0.767513	5089.68122	5255.24361	3969.93059	1285.313019	1119.75063	.	100	100	100
9DXF-assembly1.cif	M1239v1TS204_4	215	36	0.01868	0.018462	5089.68122	137.282996	104.309152	6105.642507	4985.372068	0.535612	0.790318	5089.68122	6209.951659	4465.154426	1744.797233	624.526794	.	100	100	100
9DXF-assembly1.cif	M1239v1TS033_4	215	14	0.018673	0.02029	5089.68122	135.180056	104.598721	5115.85068	4985.082499	0.430149	0.712321	5089.68122	5220.449401	3672.062075	1548.387326	1417.619145	.	100	100	100
9DXF-assembly1.cif	M1239v2TS489_5	215	213	0.018603	0.021184	5089.68122	139.434408	104.990793	4717.779911	4984.690426	0.421418	0.702919	5089.68122	4822.770704	3483.826419	1338.944285	1605.854801	.	100	100	100
9DXF-assembly1.cif	M1239v1TS028_1	215	6	0.018591	0.02212	5089.68122	135.969935	103.75238	4187.420541	4985.928839	0.347423	0.645937	5089.68122	4291.172921	3029.722436	1261.450485	2059.958783	.	100	100	100
9DXF-assembly1.cif	M1239v1TS204_5	215	37	0.01858	0.019769	5089.68122	139.369838	105.439728	5472.170914	4984.241492	0.56777	0.79377	5089.68122	5577.610642	4233.689216	1343.921427	855.992004	.	100	100	100
9DXF-assembly1.cif	M1239v2TS231_1	215	148	0.01854	0.019161	5089.68122	138.509418	104.94841	5759.652727	4984.73281	0.389592	0.614968	5089.68122	5864.601137	3368.267788	2496.333348	1721.413431	.	100	100	100
9DXF-assembly1.cif	M1239v2TS028_5	215	115	0.018512	0.018017	5089.68122	134.419562	103.98595	6349.531465	4985.69527	0.514648	0.69902	5089.68122	6453.517415	4034.462868	2419.054548	1055.218352	.	100	100	100
9DXF-assembly1.cif	M1239v1TS167_2	215	29	0.018492	0.017716	5089.68122	133.321451	103.924379	6538.750859	4985.756841	0.527559	0.692639	5089.68122	6642.675238	4063.143689	2579.531549	1026.53753	.	100	100	100
9DXF-assembly1.cif	M1239v1TS450_2	215	86	0.018492	0.017716	5089.68122	133.321451	103.924379	6538.750859	4985.756841	0.527559	0.692639	5089.68122	6642.675238	4063.143689	2579.531549	1026.53753	.	100	100	100
9DXF-assembly1.cif	M1239v1TS294_1	215	68	0.018472	0.018153	5089.68122	133.213465	103.328079	6191.109755	4986.353141	0.492518	0.715705	5089.68122	6294.437834	4073.83456	2220.603274	1015.84666	.	100	100	100
9DXF-assembly1.cif	M1239v1TS231_1	215	41	0.018439	0.017116	5089.68122	131.963049	102.915503	6833.380664	4986.765717	0.474707	0.649101	5089.68122	6936.296166	3903.038056	3033.25811	1186.643163	.	100	100	100
9DXF-assembly1.cif	M1239v2TS033_2	215	117	0.018388	0.017367	5089.68122	135.859649	103.968052	6779.399386	4985.713168	0.443717	0.64823	5089.68122	6883.367438	3880.646565	3002.720872	1209.034654	.	100	100	100
9DXF-assembly1.cif	M1239v2TS028_3	215	113	0.018372	0.020342	5089.68122	133.824657	103.492769	4981.898796	4986.18845	0.575553	0.787687	5089.68122	5085.391566	4007.385713	1078.005853	1082.295507	.	100	100	100
9DXF-assembly1.cif	M1239v1TS489_5	215	104	0.018326	0.020011	5089.68122	136.541239	103.238352	5125.350951	4986.442868	0.624398	0.814727	5089.68122	5228.589303	4203.287354	1025.301949	886.393866	.	100	100	100
9DXF-assembly1.cif	M1239v1TS204_3	215	35	0.018322	0.017619	5089.68122	135.932223	104.171696	6631.270763	4985.509524	0.466154	0.683058	5089.68122	6735.442459	4038.625562	2696.816897	1051.055658	.	100	100	100
9DXF-assembly1.cif	M1239v2TS110_5	215	130	0.018301	0.018315	5089.68122	135.02401	102.07884	5955.401813	4987.602379	0.394405	0.637175	5089.68122	6057.480654	3551.346382	2506.134271	1538.334837	.	100	100	100
9DXF-assembly1.cif	M1239v1TS028_5	215	10	0.0183	0.018313	5089.68122	135.011039	102.068757	5955.487169	4987.612463	0.394404	0.637174	5089.68122	6057.555926	3551.364798	2506.191128	1538.316422	.	100	100	100
9DXF-assembly1.cif	M1239v2TS033_5	215	120	0.018259	0.018547	5089.68122	140.674033	103.847389	6004.70853	4985.833831	0.778279	0.899226	5089.68122	6108.555919	5034.874632	1073.681287	54.806587	.	100	100	100
9DXF-assembly1.cif	M1239v2TS231_3	215	150	0.018255	0.019548	5089.68122	135.284304	103.003874	5346.05056	4986.677346	0.489658	0.723615	5089.68122	5449.054434	3812.991852	1636.062581	1276.689367	.	100	100	100
9DXF-assembly1.cif	M1239v1TS286_5	215	67	0.018254	0.019944	5089.68122	139.415862	104.235226	5259.047072	4985.445993	0.310699	0.572461	5089.68122	5363.282298	2991.957222	2371.325076	2097.723998	.	100	100	100
9DXF-assembly1.cif	M1239v1TS167_1	215	28	0.018212	0.01734	5089.68122	133.872468	101.661657	6534.536227	4988.019562	0.512501	0.708475	5089.68122	6636.197885	4153.74688	2482.451005	935.93434	.	100	100	100
9DXF-assembly1.cif	M1239v1TS450_1	215	85	0.018212	0.01734	5089.68122	133.872468	101.661657	6534.536227	4988.019562	0.512501	0.708475	5089.68122	6636.197885	4153.74688	2482.451005	935.93434	.	100	100	100
9DXF-assembly1.cif	M1239v2TS462_3	215	201	0.018201	0.018799	5089.68122	136.827758	102.346432	5696.239362	4987.334788	0.39444	0.630783	5089.68122	5798.585794	3434.064782	2364.521013	1655.616438	.	100	100	100
9DXF-assembly1.cif	M1239v2TS286_2	215	174	0.018149	0.01829	5089.68122	133.677808	104.441784	6226.436761	4985.239436	0.485234	0.68466	5089.68122	6330.878545	3909.601947	2421.276598	1180.079273	.	100	100	100
9DXF-assembly1.cif	M1239v1TS369_3	215	82	0.018112	0.016988	5089.68122	131.404108	100.478271	6639.243194	4989.202948	0.504232	0.696699	5089.68122	6739.721465	4120.768307	2618.953158	968.912912	.	100	100	100
9DXF-assembly1.cif	M1239v2TS369_3	215	191	0.018112	0.016988	5089.68122	131.404108	100.478271	6639.243194	4989.202948	0.504232	0.696699	5089.68122	6739.721465	4120.768307	2618.953158	968.912912	.	100	100	100
9DXF-assembly1.cif	M1239v1TS481_2	215	96	0.018098	0.020431	5089.68122	134.24261	102.180687	4810.537032	4987.500533	0.57466	0.783567	5089.68122	4912.717718	3918.776482	993.941237	1170.904738	.	100	100	100
9DXF-assembly1.cif	M1239v1TS369_4	215	83	0.018095	0.016021	5089.68122	124.274254	97.102293	6935.33911	4992.578927	0.618294	0.839734	5089.68122	7032.441403	5089.68122	1942.760183	0	.	100	100	100
9DXF-assembly1.cif	M1239v2TS369_4	215	192	0.018095	0.016021	5089.68122	124.274254	97.102293	6935.33911	4992.578927	0.618294	0.839734	5089.68122	7032.441403	5089.68122	1942.760183	0	.	100	100	100
9DXF-assembly1.cif	M1239v1TS033_2	215	12	0.018055	0.017796	5089.68122	134.594111	101.380966	6202.515103	4988.300254	0.537507	0.727548	5089.68122	6303.896069	4144.690017	2159.206052	944.991202	.	100	100	100
9DXF-assembly1.cif	M1239v1TS110_5	215	25	0.018015	0.018029	5089.68122	128.558668	97.657291	5645.979918	4992.023929	0.657542	0.839107	5089.68122	5743.63721	4545.158973	1198.478237	544.522247	.	100	100	100
9DXF-assembly1.cif	M1239v2TS110_2	215	127	0.018015	0.018029	5089.68122	128.558668	97.657291	5645.979918	4992.023929	0.657542	0.839107	5089.68122	5743.63721	4545.158973	1198.478237	544.522247	.	100	100	100
9DXF-assembly1.cif	M1239v2TS286_1	215	173	0.017975	0.021713	5089.68122	136.792689	103.348702	4326.706591	4986.332517	0.309206	0.63067	5089.68122	4430.055294	3001.908438	1428.146856	2087.772782	.	100	100	100
9DXF-assembly1.cif	M1239v2TS462_5	215	203	0.01797	0.016929	5089.68122	133.098083	101.14169	6758.427914	4988.53953	0.495665	0.673809	5089.68122	6859.569604	4025.75906	2833.810545	1063.92216	.	100	100	100
9DXF-assembly1.cif	M1239v1TS369_1	215	80	0.017945	0.017045	5089.68122	134.106001	101.444567	6712.288614	4988.236653	0.541977	0.710501	5089.68122	6813.733181	4228.694186	2585.038995	860.987034	.	100	100	100
9DXF-assembly1.cif	M1239v2TS369_1	215	189	0.017945	0.017045	5089.68122	134.106001	101.444567	6712.288614	4988.236653	0.541977	0.710501	5089.68122	6813.733181	4228.694186	2585.038995	860.987034	.	100	100	100
9DXF-assembly1.cif	M1239v2TS489_4	215	212	0.017933	0.020485	5089.68122	138.199153	102.162214	4782.282561	4987.519006	0.661273	0.827151	5089.68122	4884.444775	4125.055827	759.388948	964.625392	.	100	100	100
9DXF-assembly1.cif	M1239v1TS481_4	215	98	0.017924	0.020162	5089.68122	133.958498	102.068341	4933.044944	4987.612879	0.469827	0.733485	5089.68122	5035.113284	3713.191598	1321.921686	1376.489622	.	100	100	100
9DXF-assembly1.cif	M1239v1TS167_5	215	32	0.017763	0.016363	5089.68122	133.761335	101.304717	7191.108155	4988.376503	0.553828	0.700289	5089.68122	7292.412872	4335.520026	2956.892845	754.161193	.	100	100	100
9DXF-assembly1.cif	M1239v1TS450_5	215	89	0.017763	0.016363	5089.68122	133.761335	101.304717	7191.108155	4988.376503	0.553828	0.700289	5089.68122	7292.412872	4335.520026	2956.892845	754.161193	.	100	100	100
9DXF-assembly1.cif	M1239v1TS208_2	215	39	0.017743	0.019553	5089.68122	132.2458	100.648649	5104.769813	4989.032571	0.527772	0.76654	5089.68122	5205.418462	3945.804012	1259.61445	1143.877208	.	100	100	100
9DXF-assembly1.cif	M1239v1TS481_5	215	99	0.017729	0.020619	5089.68122	137.551192	101.769184	4680.138585	4987.912036	0.561808	0.774073	5089.68122	4781.907769	3820.66596	961.241808	1269.015259	.	100	100	100
9DXF-assembly1.cif	M1239v1TS481_1	215	95	0.017726	0.019865	5089.68122	133.901456	101.224022	5000.202784	4988.457197	0.503714	0.752143	5089.68122	5101.426807	3832.58444	1268.842366	1257.096779	.	100	100	100
9DXF-assembly1.cif	M1239v2TS167_5	215	137	0.017697	0.017051	5089.68122	137.35764	101.473056	6711.356658	4988.208164	0.636471	0.767796	5089.68122	6812.829714	4569.351355	2243.478359	520.329865	.	100	100	100
9DXF-assembly1.cif	M1239v2TS450_5	215	198	0.017697	0.017051	5089.68122	137.35764	101.473056	6711.356658	4988.208164	0.636471	0.767796	5089.68122	6812.829714	4569.351355	2243.478359	520.329865	.	100	100	100
9DXF-assembly1.cif	M1239v2TS262_1	215	163	0.017669	0.018361	5089.68122	142.322346	104.151107	6150.976781	4985.530113	0.446747	0.664154	5089.68122	6255.127888	3767.348354	2487.779534	1322.332866	.	100	100	100
9DXF-assembly1.cif	M1239v2TS262_3	215	165	0.017669	0.018358	5089.68122	142.322346	104.151107	6153.041703	4985.530113	0.447152	0.664397	5089.68122	6257.19281	3769.413276	2487.779534	1320.267943	.	100	100	100
9DXF-assembly1.cif	M1239v2TS262_5	215	167	0.017669	0.018365	5089.68122	142.322346	104.151107	6148.335754	4985.530113	0.446228	0.663843	5089.68122	6252.486861	3764.707328	2487.779534	1324.973892	.	100	100	100
9DXF-assembly1.cif	M1239v2TS262_2	215	164	0.017619	0.017994	5089.68122	137.537694	101.208728	6058.15163	4988.472492	0.50566	0.702503	5089.68122	6159.360357	3951.243548	2208.11681	1138.437672	.	100	100	100
9DXF-assembly1.cif	M1239v2TS262_4	215	166	0.017619	0.017993	5089.68122	137.537694	101.208728	6059.032327	4988.472492	0.505833	0.702605	5089.68122	6160.241054	3952.124245	2208.11681	1137.556975	.	100	100	100
9DXF-assembly1.cif	M1239v1TS091_3	215	18	0.017606	0.017127	5089.68122	137.59915	101.237932	6630.860446	4988.443288	0.509917	0.694086	5089.68122	6732.098378	4102.665123	2629.433254	987.016096	.	100	100	100
9DXF-assembly1.cif	M1239v2TS091_1	215	121	0.017606	0.017127	5089.68122	137.59915	101.237932	6630.860446	4988.443288	0.509917	0.694086	5089.68122	6732.098378	4102.665123	2629.433254	987.016096	.	100	100	100
9DXF-assembly1.cif	M1239v1TS369_5	215	84	0.017543	0.017277	5089.68122	131.595881	99.184766	6292.822515	4990.496454	0.495381	0.706108	5089.68122	6392.007281	4053.654489	2338.352793	1036.026731	.	100	100	100
9DXF-assembly1.cif	M1239v2TS369_5	215	193	0.017543	0.017277	5089.68122	131.595881	99.184766	6292.822515	4990.496454	0.495381	0.706108	5089.68122	6392.007281	4053.654489	2338.352793	1036.026731	.	100	100	100
9DXF-assembly1.cif	M1239v1TS369_2	215	81	0.017497	0.015927	5089.68122	119.76609	93.194998	6519.533402	4996.486222	0.700758	0.869852	5089.68122	6612.728399	5089.68122	1523.047179	0	.	100	100	100
9DXF-assembly1.cif	M1239v2TS369_2	215	190	0.017497	0.015927	5089.68122	119.76609	93.194998	6519.533402	4996.486222	0.700758	0.869852	5089.68122	6612.728399	5089.68122	1523.047179	0	.	100	100	100
9DXF-assembly1.cif	M1239v1TS262_1	215	53	0.017316	0.017255	5089.68122	138.037328	100.326046	6438.799028	4989.355174	0.493715	0.68516	5089.68122	6539.125074	3983.795867	2555.329206	1105.885352	.	100	100	100
9DXF-assembly1.cif	M1239v1TS262_3	215	55	0.017316	0.017256	5089.68122	138.037328	100.326046	6437.916652	4989.355174	0.493744	0.685237	5089.68122	6538.242697	3983.940241	2554.302456	1105.740978	.	100	100	100
9DXF-assembly1.cif	M1239v1TS262_2	215	54	0.017203	0.018743	5089.68122	136.973594	99.144407	5390.50534	4990.536813	0.483651	0.743115	5089.68122	5489.649746	3930.828342	1558.821404	1158.852878	.	100	100	100
9DXF-assembly1.cif	M1239v1TS262_5	215	57	0.017203	0.018744	5089.68122	136.973594	99.144407	5390.175154	4990.536813	0.483586	0.743076	5089.68122	5489.319561	3930.498157	1558.821404	1159.183063	.	100	100	100
9DXF-assembly1.cif	M1239v1TS481_3	215	97	0.017175	0.017893	5089.68122	121.537371	93.512346	5269.27723	4996.168874	0.55753	0.784545	5089.68122	5362.789575	4100.219196	1262.570379	989.462024	.	100	100	100
9DXF-assembly1.cif	M1239v1TS286_3	215	65	0.016989	0.016823	5089.68122	133.863333	97.76749	6435.752452	4991.91373	0.516484	0.703596	5089.68122	6533.519942	4089.017541	2444.502401	1000.663679	.	100	100	100
9DXF-assembly1.cif	M1239v2TS033_1	215	116	0.016835	0.016733	5089.68122	127.598458	94.164005	6071.210849	4995.517215	0.516425	0.733553	5089.68122	6165.374854	4128.089628	2037.285226	961.591591	.	100	100	100
9DXF-assembly1.cif	M1239v1TS286_4	215	66	0.01664	0.018392	5089.68122	131.99828	97.334841	5397.236009	4992.346379	0.525265	0.771713	5089.68122	5494.57085	4084.000595	1410.570254	1005.680624	.	100	100	100
9DXF-assembly1.cif	M1239v1TS286_1	215	63	0.01655	0.016871	5089.68122	130.401548	94.152063	5977.612664	4995.529157	0.527613	0.71083	5089.68122	6071.764727	3966.947525	2104.817202	1122.733695	.	100	100	100
9DXD-assembly1.cif	M1239v1TS091_4	214	19	0.011575	0.01404	5054.332747	128.569828	72.700303	5229.359384	4981.632444	0.623456	0.78473	5054.332747	5302.059686	4063.485643	1238.574044	990.847104	.	100	100	100
9DXD-assembly1.cif	M1239v2TS091_4	214	124	0.011575	0.01404	5054.332747	128.569828	72.700303	5229.359384	4981.632444	0.623456	0.78473	5054.332747	5302.059686	4063.485643	1238.574044	990.847104	.	100	100	100
9DXD-assembly1.cif	M1239v2TS204_3	214	140	0.011124	0.012537	5054.332747	117.583933	71.263909	6242.922623	4983.068838	0.798627	0.88918	5054.332747	6314.186532	5054.332747	1259.853784	0	.	100	100	100
9DXD-assembly1.cif	M1239v1TS294_5	214	72	0.011122	0.013832	5054.332747	122.044191	69.823665	4972.008837	4984.509083	0.577483	0.759467	5054.332747	5041.832502	3833.853981	1207.978521	1220.478767	.	100	100	100
9DXD-assembly1.cif	M1239v2TS481_1	214	204	0.010937	0.012085	5054.332747	121.34577	68.876721	6275.436703	4985.456026	0.711332	0.820449	5054.332747	6344.313424	4676.001594	1668.31183	378.331153	.	100	100	100
9DXD-assembly1.cif	M1239v1TS294_4	214	71	0.010935	0.013665	5054.332747	122.484252	69.574901	5059.126657	4984.757846	0.577981	0.760877	5054.332747	5128.701558	3874.017963	1254.683595	1180.314784	.	100	100	100
9DXD-assembly1.cif	M1239v2TS286_3	214	175	0.010911	0.011322	5054.332747	112.727188	67.337178	6773.23466	4986.995569	0.623855	0.705936	5054.332747	6840.571838	4198.523121	2642.048717	855.809626	.	100	100	100
9DXD-assembly1.cif	M1239v1TS110_1	214	21	0.010904	0.013928	5054.332747	120.074344	67.528752	4574.969709	4986.803995	0.497848	0.70573	5054.332747	4642.498461	3421.673654	1220.824807	1632.659093	.	100	100	100
9DXD-assembly1.cif	M1239v2TS110_3	214	128	0.01087	0.012496	5054.332747	114.013898	68.185599	5790.908048	4986.147148	0.738855	0.84189	5054.332747	5859.093648	4593.951688	1265.141959	460.381059	.	100	100	100
9DXD-assembly1.cif	M1239v1TS159_1	214	26	0.010822	0.013132	5054.332747	114.251228	68.806568	5355.772852	4985.52618	0.616091	0.7787	5054.332747	5424.579419	4079.964871	1344.614548	974.367876	.	100	100	100
9DXD-assembly1.cif	M1239v1TS325_1	214	78	0.010822	0.013132	5054.332747	114.251228	68.806568	5355.772852	4985.52618	0.616091	0.7787	5054.332747	5424.579419	4079.964871	1344.614548	974.367876	.	100	100	100
9DXD-assembly1.cif	M1239v2TS159_1	214	131	0.010822	0.013132	5054.332747	114.251228	68.806568	5355.772852	4985.52618	0.616091	0.7787	5054.332747	5424.579419	4079.964871	1344.614548	974.367876	.	100	100	100
9DXD-assembly1.cif	M1239v1TS204_2	214	34	0.010789	0.012722	5054.332747	120.104162	67.442464	5480.73457	4986.890283	0.606829	0.782743	5054.332747	5548.177034	4149.518114	1398.658921	904.814633	.	100	100	100
9DXD-assembly1.cif	M1239v2TS204_1	214	138	0.010789	0.012722	5054.332747	120.104162	67.442464	5480.73457	4986.890283	0.606829	0.782743	5054.332747	5548.177034	4149.518114	1398.658921	904.814633	.	100	100	100
9DXD-assembly1.cif	M1239v1TS489_2	214	101	0.010769	0.013115	5054.332747	117.387717	68.66011	5347.374505	4985.672637	0.586267	0.76492	5054.332747	5416.034615	4004.498423	1411.536193	1049.834324	.	100	100	100
9DXD-assembly1.cif	M1239v1TS028_3	214	8	0.010753	0.014713	5054.332747	124.989011	70.041099	4396.723652	4984.291648	0.475743	0.683583	5054.332747	4466.764751	3254.231522	1212.533228	1800.101225	.	100	100	100
9DXD-assembly1.cif	M1239v2TS204_5	214	142	0.010717	0.011669	5054.332747	119.728569	68.57766	6631.221739	4985.755087	0.75927	0.86001	5054.332747	6699.799399	5054.332747	1645.466652	0	.	100	100	100
9DXD-assembly1.cif	M1239v2TS204_4	214	141	0.010686	0.012035	5054.332747	121.353676	70.68758	6622.11716	4983.645167	0.708842	0.860522	5054.332747	6692.804739	5054.332747	1638.471992	0	.	100	100	100
9DXD-assembly1.cif	M1239v2TS286_4	214	176	0.01062	0.01254	5054.332747	110.821991	65.605237	5343.4078	4988.72751	0.59758	0.768695	5054.332747	5409.013037	4021.563012	1387.450025	1032.769735	.	100	100	100
9DXD-assembly1.cif	M1239v1TS489_4	214	103	0.010371	0.01326	5054.332747	116.027281	68.162385	5158.510539	4986.170362	0.644311	0.796839	5054.332747	5226.672924	4096.15147	1130.521454	958.181277	.	100	100	100
9DXD-assembly1.cif	M1239v2TS481_5	214	208	0.010337	0.012529	5054.332747	121.27823	68.11766	5750.997904	4986.215087	0.517484	0.698985	5054.332747	5819.115564	3800.188544	2018.92702	1254.144204	.	100	100	100
9DXD-assembly1.cif	M1239v1TS489_1	214	100	0.010293	0.012631	5054.332747	112.885199	66.793915	5455.031718	4987.538832	0.608928	0.781155	5054.332747	5521.825633	4130.810386	1391.015247	923.522362	.	100	100	100
9DXD-assembly1.cif	M1239v1TS159_2	214	27	0.010228	0.012359	5054.332747	110.296699	65.016968	5401.627778	4989.315779	0.687108	0.818576	5054.332747	5466.644746	4306.108199	1160.536547	748.224548	.	100	100	100
9DXD-assembly1.cif	M1239v1TS325_2	214	79	0.010228	0.012359	5054.332747	110.296699	65.016968	5401.627778	4989.315779	0.687108	0.818576	5054.332747	5466.644746	4306.108199	1160.536547	748.224548	.	100	100	100
9DXD-assembly1.cif	M1239v2TS159_2	214	132	0.010228	0.012359	5054.332747	110.296699	65.016968	5401.627778	4989.315779	0.687108	0.818576	5054.332747	5466.644746	4306.108199	1160.536547	748.224548	.	100	100	100
9DXD-assembly1.cif	M1239v2TS325_2	214	188	0.010228	0.012359	5054.332747	110.296699	65.016968	5401.627778	4989.315779	0.687108	0.818576	5054.332747	5466.644746	4306.108199	1160.536547	748.224548	.	100	100	100
9DXD-assembly1.cif	M1239v2TS028_1	214	111	0.010175	0.014485	5054.332747	123.477769	68.57003	4345.014036	4985.762717	0.484252	0.690142	5054.332747	4413.584066	3267.105348	1146.478717	1787.227399	.	100	100	100
9DXD-assembly1.cif	M1239v2TS286_5	214	177	0.010171	0.011925	5054.332747	108.8662	65.321632	5835.729197	4989.011115	0.863449	0.917229	5054.332747	5901.050829	5024.29743	876.753398	30.035317	.	100	100	100
9DXD-assembly1.cif	M1239v1TS028_4	214	9	0.010162	0.014415	5054.332747	123.288436	68.462477	4375.956209	4985.87027	0.4624	0.682781	5054.332747	4444.418686	3242.782645	1201.636041	1811.550102	.	100	100	100
9DXD-assembly1.cif	M1239v2TS208_4	214	146	0.010107	0.014057	5054.332747	126.952467	69.981959	4832.615771	4984.350788	0.53888	0.727277	5054.332747	4902.59773	3620.724577	1281.873153	1433.608171	.	100	100	100
9DXD-assembly1.cif	M1239v1TS033_3	214	13	0.010065	0.011571	5054.332747	122.713392	67.91193	6616.218301	4986.420817	0.743597	0.861158	5054.332747	6684.130231	5054.332747	1629.797484	0	.	100	100	100
9DXD-assembly1.cif	M1239v1TS489_3	214	102	0.010027	0.012835	5054.332747	114.424038	66.148787	5186.734557	4988.18396	0.618238	0.78443	5054.332747	5252.883344	4042.642672	1210.240673	1011.690076	.	100	100	100
9DXD-assembly1.cif	M1239v2TS033_3	214	118	0.009993	0.011561	5054.332747	114.601883	66.494829	6382.129993	4987.837918	0.566058	0.721211	5054.332747	6448.624822	4148.032394	2300.592429	906.300353	.	100	100	100
9DXD-assembly1.cif	M1239v2TS208_3	214	145	0.009958	0.013713	5054.332747	123.89884	68.004571	4795.959362	4986.328176	0.546389	0.730867	5054.332747	4863.963933	3624.477957	1239.485976	1429.85479	.	100	100	100
9DXD-assembly1.cif	M1239v2TS481_3	214	206	0.009852	0.012218	5054.332747	123.854045	68.298496	6057.019501	4986.034251	0.844382	0.904202	5054.332747	6125.317997	5054.332747	1070.98525	0	.	100	100	100
9DXD-assembly1.cif	M1239v1TS294_2	214	69	0.009844	0.011269	5054.332747	118.505493	65.641867	6529.835939	4988.69088	0.586185	0.728171	5054.332747	6595.477806	4241.529855	2353.947951	812.802892	.	100	100	100
9DXD-assembly1.cif	M1239v1TS294_3	214	70	0.009838	0.011365	5054.332747	118.952844	65.887508	6474.312636	4988.445239	0.569527	0.722691	5054.332747	6540.200144	4189.62991	2350.570234	864.702837	.	100	100	100
9DXD-assembly1.cif	M1239v2TS208_1	214	143	0.009744	0.013398	5054.332747	119.260762	65.789109	4700.368359	4988.543638	0.527023	0.719782	5054.332747	4766.157468	3534.306735	1231.850733	1520.026012	.	100	100	100
9DXD-assembly1.cif	M1239v2TS208_2	214	144	0.009737	0.013469	5054.332747	124.524262	67.964578	4969.41889	4986.368169	0.531204	0.729233	5054.332747	5037.383467	3679.607143	1357.776324	1374.725604	.	100	100	100
9DXD-assembly1.cif	M1239v2TS208_5	214	147	0.009589	0.013288	5054.332747	123.038125	66.855631	4941.368158	4987.477116	0.545416	0.73823	5054.332747	5008.223789	3714.23975	1293.984039	1340.092997	.	100	100	100
9DXF-assembly1.cif	M1239v1TS235_4	215	46	0.008046	0.008828	5089.68122	49.538467	45.243888	5115.060822	5044.437332	0.183818	0.182551	5089.68122	935.575027	935.575027	4224.729684	4154.106193	.	50	50	66.666667
9DXF-assembly1.cif	M1239v1TS235_5	215	47	0.008027	0.009667	5089.68122	50.567699	45.711621	4321.891527	5043.969598	0.133938	0.144164	5089.68122	681.699618	681.699618	3685.903531	4407.981602	.	50	50	66.666667
9DXF-assembly1.cif	M1239v1TS235_3	215	45	0.007988	0.009087	5089.68122	49.671367	45.164218	4805.595533	5044.517002	0.16554	0.169518	5089.68122	842.54343	842.54343	4008.216322	4247.13779	.	50	50	66.666667
9DXF-assembly1.cif	M1239v2TS235_5	215	157	0.007884	0.008411	5089.68122	47.150128	43.639751	5243.876467	5046.041469	0.140523	0.137844	5089.68122	715.219016	715.219016	4572.297202	4374.462204	.	50	50	66.666667
9DXF-assembly1.cif	M1239v2TS235_2	215	154	0.007767	0.008688	5089.68122	44.55988	42.045752	4547.361573	5047.635468	0.139886	0.147116	5089.68122	711.973141	711.973141	3877.434184	4377.708078	.	50	50	66.666667
9DXF-assembly1.cif	M1239v2TS235_4	215	156	0.007746	0.008921	5089.68122	48.080036	43.75319	4675.536011	5045.92803	0.143446	0.148863	5089.68122	730.095533	730.095533	3989.193668	4359.585687	.	50	50	66.666667
9DXF-assembly1.cif	M1239v2TS235_3	215	155	0.00773	0.008674	5089.68122	48.892275	44.118164	5039.132942	5045.563055	0.152543	0.152639	5089.68122	776.392844	776.392844	4306.858262	4313.288376	.	50	50	66.666667
9DXD-assembly1.cif	M1239v2TS235_3	214	155	0.003925	0.005791	5054.332747	38.874435	29.35536	5053.895746	5024.977387	0.153609	0.153171	5054.332747	776.392844	776.392844	4306.858262	4277.939903	.	50	50	66.666667
9DXD-assembly1.cif	M1239v2TS235_2	214	154	0.003805	0.005757	5054.332747	36.387716	27.759678	4561.647647	5026.573069	0.140864	0.147655	5054.332747	711.973141	711.973141	3877.434184	4342.359606	.	50	50	66.666667
9DXD-assembly1.cif	M1239v1TS235_5	214	47	0.003758	0.006312	5054.332747	40.966344	29.733623	4337.869525	5024.599124	0.134874	0.144705	5054.332747	681.699618	681.699618	3685.903531	4372.63313	.	50	50	66.666667
9DXD-assembly1.cif	M1239v2TS235_4	214	156	0.003718	0.005889	5054.332747	38.761726	28.777445	4690.511757	5025.555302	0.144449	0.149401	5054.332747	730.095533	730.095533	3989.193668	4324.237214	.	50	50	66.666667
9DXD-assembly1.cif	M1239v1TS235_3	214	45	0.003712	0.005919	5054.332747	40.089094	29.311893	4821.447859	5025.020854	0.166697	0.170123	5054.332747	842.54343	842.54343	4008.216322	4211.789317	.	50	50	66.666667
9DXD-assembly1.cif	M1239v2TS235_5	214	157	0.003641	0.005404	5054.332747	38.278606	27.946096	5259.570121	5026.386651	0.141506	0.138316	5054.332747	715.219016	715.219016	4572.297202	4339.113732	.	50	50	66.666667
9DXD-assembly1.cif	M1239v1TS235_4	214	46	0.003342	0.005514	5054.332747	40.534456	28.159887	5132.144823	5026.17286	0.185104	0.183183	5054.332747	935.575027	935.575027	4224.729684	4118.75772	.	50	50	66.666667
9DXD-assembly1.cif	M1239v1TS272_5	214	62	0.000157	0.003268	5054.332747	35.712743	17.787929	5814.522302	5036.544818	0.31231	0.655552	5054.332747	5832.310231	3568.381521	2263.92871	1485.951226	.	100	100	100
9DXD-assembly1.cif	M1239v2TS272_5	214	172	0.000157	0.003268	5054.332747	35.712743	17.787929	5814.522302	5036.544818	0.31231	0.655552	5054.332747	5832.310231	3568.381521	2263.92871	1485.951226	.	100	100	100
9DXD-assembly1.cif	M1239v1TS272_1	214	58	0.000157	0.002079	5054.332747	21.138092	10.964805	5484.810516	5043.367942	0.151437	0.448006	5054.332747	5495.77532	2363.256826	3132.518495	2691.075921	.	100	100	100
9DXD-assembly1.cif	M1239v2TS272_1	214	168	0.000157	0.002079	5054.332747	21.138092	10.964805	5484.810516	5043.367942	0.151437	0.448006	5054.332747	5495.77532	2363.256826	3132.518495	2691.075921	.	100	100	100
9DXD-assembly1.cif	M1239v1TS272_2	214	59	0.000157	0.002521	5054.332747	21.144058	10.967769	3635.73498	5043.364978	0.278461	0.567155	5054.332747	3646.702749	2467.417781	1179.284968	2586.914966	.	100	100	100
9DXD-assembly1.cif	M1239v2TS272_2	214	169	0.000157	0.002521	5054.332747	21.144058	10.967769	3635.73498	5043.364978	0.278461	0.567155	5054.332747	3646.702749	2467.417781	1179.284968	2586.914966	.	100	100	100
9DXD-assembly1.cif	M1239v1TS272_4	214	61	0.000156	0.002595	5054.332747	21.1436	10.966802	3386.133273	5043.365945	0.354283	0.599719	5054.332747	3397.100075	2534.241066	862.85901	2520.091681	.	100	100	100
9DXD-assembly1.cif	M1239v2TS272_4	214	171	0.000156	0.002595	5054.332747	21.1436	10.966802	3386.133273	5043.365945	0.354283	0.599719	5054.332747	3397.100075	2534.241066	862.85901	2520.091681	.	100	100	100
9DXD-assembly1.cif	M1239v1TS272_3	214	60	0.000156	0.002515	5054.332747	21.143191	10.966203	3656.987428	5043.366544	0.300693	0.581096	5054.332747	3667.953631	2534.241066	1133.712566	2520.091681	.	100	100	100
9DXD-assembly1.cif	M1239v2TS272_3	214	170	0.000156	0.002515	5054.332747	21.143191	10.966203	3656.987428	5043.366544	0.300693	0.581096	5054.332747	3667.953631	2534.241066	1133.712566	2520.091681	.	100	100	100
9DXD-assembly1.cif	M1239v1TS014_1	214	0	0	0	5054.332747	0	0	7306.461269	5054.332747	0	0	5054.332747	0	0	7306.461269	5054.332747	.	22.554806	19.639152	33.333333
9DXF-assembly1.cif	M1239v1TS014_1	215	0	0	0	5089.68122	0	0	7306.461269	5089.68122	0	0	5089.68122	0	0	7306.461269	5089.68122	.	22.531646	19.617225	33.333333
9DXD-assembly1.cif	M1239v1TS014_2	214	1	0	0	5054.332747	0	0	7333.796164	5054.332747	0	0	5054.332747	0	0	7333.796164	5054.332747	.	22.554806	19.639152	33.333333
9DXF-assembly1.cif	M1239v1TS014_2	215	1	0	0	5089.68122	0	0	7333.796164	5089.68122	0	0	5089.68122	0	0	7333.796164	5089.68122	.	22.531646	19.617225	33.333333
9DXD-assembly1.cif	M1239v1TS014_3	214	2	0	0	5054.332747	0	0	7334.818854	5054.332747	0	0	5054.332747	0	0	7334.818854	5054.332747	.	22.554806	19.639152	33.333333
9DXF-assembly1.cif	M1239v1TS014_3	215	2	0	0	5089.68122	0	0	7334.818854	5089.68122	0	0	5089.68122	0	0	7334.818854	5089.68122	.	22.531646	19.617225	33.333333
9DXD-assembly1.cif	M1239v1TS014_4	214	3	0	0	5054.332747	0	0	7195.629982	5054.332747	0	0	5054.332747	0	0	7195.629982	5054.332747	.	22.554806	19.639152	33.333333
9DXF-assembly1.cif	M1239v1TS014_4	215	3	0	0	5089.68122	0	0	7195.629982	5089.68122	0	0	5089.68122	0	0	7195.629982	5089.68122	.	22.531646	19.617225	33.333333
9DXD-assembly1.cif	M1239v1TS014_5	214	4	0	0	5054.332747	0	0	7224.940078	5054.332747	0	0	5054.332747	0	0	7224.940078	5054.332747	.	22.554806	19.639152	33.333333
9DXF-assembly1.cif	M1239v1TS014_5	215	4	0	0	5089.68122	0	0	7224.940078	5089.68122	0	0	5089.68122	0	0	7224.940078	5089.68122	.	22.531646	19.617225	33.333333
9DXD-assembly1.cif	M1239v1TS014_6	214	5	0	0	5054.332747	0	0	7356.207288	5054.332747	0	0	5054.332747	0	0	7356.207288	5054.332747	.	22.554806	19.639152	33.333333
9DXF-assembly1.cif	M1239v1TS014_6	215	5	0	0	5089.68122	0	0	7356.207288	5089.68122	0	0	5089.68122	0	0	7356.207288	5089.68122	.	22.531646	19.617225	33.333333
9DXD-assembly1.cif	M1239v2TS014_1	214	105	0	0	5054.332747	0	0	7796.335848	5054.332747	0	0	5054.332747	0	0	7796.335848	5054.332747	.	22.554806	19.639152	33.333333
9DXF-assembly1.cif	M1239v2TS014_1	215	105	0	0	5089.68122	0	0	7796.335848	5089.68122	0	0	5089.68122	0	0	7796.335848	5089.68122	.	22.531646	19.617225	33.333333
9DXD-assembly1.cif	M1239v2TS014_2	214	106	0	0	5054.332747	0	0	7575.402806	5054.332747	0	0	5054.332747	0	0	7575.402806	5054.332747	.	22.554806	19.639152	33.333333
9DXF-assembly1.cif	M1239v2TS014_2	215	106	0	0	5089.68122	0	0	7575.402806	5089.68122	0	0	5089.68122	0	0	7575.402806	5089.68122	.	22.531646	19.617225	33.333333
9DXD-assembly1.cif	M1239v2TS014_3	214	107	0	0	5054.332747	0	0	7543.44522	5054.332747	0	0	5054.332747	0	0	7543.44522	5054.332747	.	22.554806	19.639152	33.333333
9DXF-assembly1.cif	M1239v2TS014_3	215	107	0	0	5089.68122	0	0	7543.44522	5089.68122	0	0	5089.68122	0	0	7543.44522	5089.68122	.	22.531646	19.617225	33.333333
9DXD-assembly1.cif	M1239v2TS014_4	214	108	0	0	5054.332747	0	0	7670.039892	5054.332747	0	0	5054.332747	0	0	7670.039892	5054.332747	.	22.554806	19.639152	33.333333
9DXF-assembly1.cif	M1239v2TS014_4	215	108	0	0	5089.68122	0	0	7670.039892	5089.68122	0	0	5089.68122	0	0	7670.039892	5089.68122	.	22.531646	19.617225	33.333333
9DXD-assembly1.cif	M1239v2TS014_5	214	109	0	0	5054.332747	0	0	7554.823028	5054.332747	0	0	5054.332747	0	0	7554.823028	5054.332747	.	22.554806	19.639152	33.333333
9DXF-assembly1.cif	M1239v2TS014_5	215	109	0	0	5089.68122	0	0	7554.823028	5089.68122	0	0	5089.68122	0	0	7554.823028	5089.68122	.	22.531646	19.617225	33.333333
9DXD-assembly1.cif	M1239v2TS014_6	214	110	0	0	5054.332747	0	0	7568.782639	5054.332747	0	0	5054.332747	0	0	7568.782639	5054.332747	.	22.554806	19.639152	33.333333
9DXF-assembly1.cif	M1239v2TS014_6	215	110	0	0	5089.68122	0	0	7568.782639	5089.68122	0	0	5089.68122	0	0	7568.782639	5089.68122	.	22.531646	19.617225	33.333333
